Description	ID	Manufacturer	Manufacturer Part Number	Supplier	Supplier Part Number	Reference Designators	Line Quantity	Order Quantity	Unit Price	Order Price	Legacy ID	Mounting Type	Datasheet 1	Datasheet 2	Datasheet 3	Datasheet 4	Datasheet 5	Datasheet 6	Datasheet 7	Datasheet 8	Datasheet 9	Datasheet 10	Datasheet 11	Datasheet 12	Datasheet 13	Datasheet 14	Datasheet 15	Datasheet 16	Datasheet 17	Datasheet 18	Datasheet 19	Datasheet 20	Datasheet 21	Datasheet 22	Datasheet 23	Datasheet 24	Datasheet 25	Datasheet 26	Datasheet 27	Datasheet 28	Datasheet 29	Datasheet 30	Datasheet 31
UWB ANT 6.24GHZ- 8.5GHZ SMD CHIP	ABRACON/ACR0301U	Abracon	ACR0301U	Mouser	815-ACR0301U	A1,A2,A3	3	16	1.1396	18.2344		Surface mount																															
Ceramic Antenna, 2.47Ghz, 50 Ohm, 3W Rohs Compliant: Yes |Abracon AMCA72-2R470G-S1F-T4	ABRACON/AMCA72-2R470G-S1F-T4	Abracon	AMCA72-2R470G-S1F-T4	Mouser	815-CA722R470GS1FT4	A4	1	14	0.6003	8.4042		Surface mount	http://datasheet.octopart.com/AMCA72-2R470G-S1F-T4-Abracon-datasheet-137316386.pdf																														
BNO055 Series 1.7 to 3.6 V Intelligent 9-Axis Absolute Orientation Sensor-LGA-28	BOSCH/BNO055	Bosch Tools	BNO055	Digi-Key	828-1058-1-ND	U6	1	4	14.8695	59.4780		Surface mount	http://datasheet.octopart.com/BNO055-Bosch-datasheet-34148989.pdf	http://datasheet.octopart.com/BNO055-Bosch-datasheet-37535188.pdf	http://datasheet.octopart.com/BNO055-Bosch-datasheet-45840915.pdf	http://datasheet.octopart.com/BNO055-Bosch-Tools-datasheet-127364294.pdf	http://datasheet.octopart.com/BNO055-Bosch-Tools-datasheet-97529823.pdf	http://datasheet.octopart.com/BNO055-Bosch-Tools-datasheet-99733204.pdf																									
DIODE GEN PURP 80V 100MA 0402	COMCHIP/CDSQR400B-HF	Comchip	CDSQR400B-HF	Mouser	750-CDSQR400B-HF	D4	1	14	0.3381	4.7334		Surface mount																															
Trans Mosfet N-ch 20V 0.75A 3-PIN Dfn T/r / Mosfet N-ch 20V 750MA DFN1006H4	DIODES/DMN2400UFB4-7	Diodes Inc.	DMN2400UFB4-7	Digi-Key	DMN2400UFB4-7DICT-ND	Q2	1	100	0.1862	18.6185		Surface mount																															
DNP	DNP					U5,J1,JP12,JP2,JP8,JP6,JP1,TP0,TP1,TP2,TP3,TP4,TP5,TP6,TP7,XJ1,FD1,FD2,FD3,FD4,FD5,FD6,XA1,JP9,JP10,JP11,CX1,CX2,RX1,RX2,RX3,RX4,RX5,RX6,RX8,RX7,XR16,XR17,XR19																																					
OSC TCXO 38.4MHZ 1.8V SNWV	JAUCH/O 38,40-JT21G-E-M-1,8-LF	Jauch	O 38,40-JT21G-E-M-1,8-LF	Digi-Key	1908-O38,40-JT21G-E-M-1,8-LFCT-ND	Y1	1	7	3.6800	25.7600	JAUCH/O%2038,40-JT21G-E-M-1,8-LF	Surface mount																															
Multilayer Ceramic Capacitor, 4700 pF, 25 V, ± 10%, X7R, 0402 [1005 Metric]	KEMET1/C0402C472K3RACTU	KEMET	C0402C472K3RACTU	Mouser	80-C0402C472K3R	C12,C13,C14	3	100	0.0092	0.9200		Surface mount																															
CAP CER 1PF 50V C0G/NP0 0603	KEMET1/C0603C109C5GACAUTO	KEMET	C0603C109C5GACAUTO	Mouser	80-C0603C109C5GAUTO	C3	1	100	0.0426	4.2550		Surface mount																															
CAP CER 2200PF 25V C0G/NP0 0603	KEMET1/C0603C222F3GEC7867	KEMET	C0603C222F3GEC7867	Digi-Key	399-C0603C222F3GEC7867CT-ND	C11	1	14	0.5060	7.0840		Surface mount																															
Multilayer Ceramic Capacitor, 2 pF, 50 V, ± 0.05pF, C0G (NP0), 0201 [0603 Metric]	KEMET1/CBR02C209A5GAC	KEMET	CBR02C209A5GAC	Mouser	80-CBR02C209A5GAC	C4	1	100	0.1127	11.2700		Surface mount																															
CM 0603 (1608Metric) ceramic capacitor 0.063Lx0.031W 1.60mmx0.80mm X5R ±20% 10muF	LD4/CM105X5R106M25AT	LADD Distribution	CM105X5R106M25AT	Mouser	346-CM105X5R106M25AT	C53,C54,C55,C56,C57	5	100	0.1530	15.2950		Surface mount																															
Conn Shrouded Header (4 Sides) HDR 3 POS 1.5mm Solder RA SMD Pico-SPOX™ T/R	MOLEX/87438-0343	Molex	87438-0343	Mouser	538-87438-0343	J4	1	14	0.6176	8.6457		Surface mount	http://datasheet.octopart.com/87438-0343-Molex-datasheet-101583800.pdf	http://datasheet.octopart.com/87438-0343-Molex-datasheet-120158180.pdf	http://datasheet.octopart.com/87438-0343-Molex-datasheet-120899.pdf	http://datasheet.octopart.com/87438-0343-Molex-datasheet-12542886.pdf	http://datasheet.octopart.com/87438-0343-Molex-datasheet-138898290.pdf	http://datasheet.octopart.com/87438-0343-Molex-datasheet-140189270.pdf	http://datasheet.octopart.com/87438-0343-Molex-datasheet-154760129.pdf	http://datasheet.octopart.com/87438-0343-Molex-datasheet-165158.pdf	http://datasheet.octopart.com/874380343-Molex-datasheet-166176.pdf	http://datasheet.octopart.com/87438-0343-Molex-datasheet-21209440.pdf	http://datasheet.octopart.com/87438-0343-Molex-datasheet-23711154.pdf	http://datasheet.octopart.com/87438-0343-Molex-datasheet-33004399.pdf	http://datasheet.octopart.com/87438-0343-Molex-datasheet-34135435.pdf	http://datasheet.octopart.com/87438-0343-Molex-datasheet-34442402.pdf	http://datasheet.octopart.com/87438-0343-Molex-datasheet-48881755.pdf	http://datasheet.octopart.com/87438-0343-Molex-datasheet-62116805.pdf	http://datasheet.octopart.com/87438-0343-Molex-datasheet-66635325.pdf	http://datasheet.octopart.com/87438-0343-Molex-datasheet-8321637.pdf	http://datasheet.octopart.com/87438-0343-Molex-datasheet-8611645.pdf	http://datasheet.octopart.com/87438-0343-Molex-datasheet-8611667.pdf	http://sigma.octopart.com/138898291/technical_drawing/Molex-87438-0343.pdf	http://sigma.octopart.com/20773738/technical_drawing/Molex-87438-0343.pdf									
Ferrite Beads Multi-Layer 33Ohm 25% 100MHz 750mA 90mOhm DCR 0201 Paper T/R	MURATA/BLM03PG330SN1D	Murata	BLM03PG330SN1D	Mouser	81-BLM03PG330SN1D	FB1	1	100	0.0150	1.4950		Surface mount	http://datasheet.octopart.com/BLM03PG330SN1D-Murata-datasheet-10083551.pdf	http://datasheet.octopart.com/BLM03PG330SN1D-Murata-datasheet-102761980.pdf	http://datasheet.octopart.com/BLM03PG330SN1D-Murata-datasheet-11802503.pdf	http://datasheet.octopart.com/BLM03PG330SN1D-Murata-datasheet-12522583.pdf	http://datasheet.octopart.com/BLM03PG330SN1D-Murata-datasheet-138706452.pdf	http://datasheet.octopart.com/BLM03PG330SN1D-Murata-datasheet-141257733.pdf	http://datasheet.octopart.com/BLM03PG330SN1D-Murata-datasheet-32036511.pdf	http://datasheet.octopart.com/BLM03PG330SN1D-Murata-datasheet-37129980.pdf	http://datasheet.octopart.com/BLM03PG330SN1D-Murata-datasheet-62287411.pdf	http://datasheet.octopart.com/BLM03PG330SN1D-Murata-datasheet-8508678.pdf																					
CAP CER 0.5PF 50V C0G/NP0 0402	MURATA/GJM1555C1HR50WB01D	Murata	GJM1555C1HR50WB01D	Mouser	81-GJM1555C1HR50WB1D	C1	1	100	0.0529	5.2900		Surface mount	http://datasheet.octopart.com/GJM1555C1HR50WB01D-Murata-datasheet-10025737.pdf	http://datasheet.octopart.com/GJM1555C1HR50WB01D-Murata-datasheet-11978611.pdf	http://datasheet.octopart.com/GJM1555C1HR50WB01D-Murata-datasheet-12510076.pdf	http://datasheet.octopart.com/GJM1555C1HR50WB01D-Murata-datasheet-12510170.pdf	http://datasheet.octopart.com/GJM1555C1HR50WB01D-Murata-datasheet-12515295.pdf	http://datasheet.octopart.com/GJM1555C1HR50WB01D-Murata-datasheet-12541892.pdf	http://datasheet.octopart.com/GJM1555C1HR50WB01D-Murata-datasheet-138725204.pdf	http://datasheet.octopart.com/GJM1555C1HR50WB01D-Murata-datasheet-140665828.pdf	http://datasheet.octopart.com/GJM1555C1HR50WB01D-Murata-datasheet-141271477.pdf	http://datasheet.octopart.com/GJM1555C1HR50WB01D-Murata-datasheet-14406305.pdf	http://datasheet.octopart.com/GJM1555C1HR50WB01D-Murata-datasheet-22122223.pdf	http://datasheet.octopart.com/GJM1555C1HR50WB01D-Murata-datasheet-44781330.pdf	http://datasheet.octopart.com/GJM1555C1HR50WB01D-Murata-datasheet-552801.pdf	http://datasheet.octopart.com/GJM1555C1HR50WB01D-Murata-datasheet-7628724.pdf	http://datasheet.octopart.com/GJM1555C1HR50WB01D-Murata-datasheet-8324201.pdf	http://datasheet.octopart.com/GJM1555C1HR50WB01D-Murata-datasheet-8387045.pdf	http://datasheet.octopart.com/GJM1555C1HR50WB01D-Murata-datasheet-8517407.pdf	http://datasheet.octopart.com/GJM1555C1HR50WB01D-Murata-datasheet-8819587.pdf	http://datasheet.octopart.com/GJM1555C1HR50WB01D-Murata-datasheet-96711514.pdf												
CAP CER 0.8PF 50V C0G/NP0 0402	MURATA/GJM1555C1HR80WB01D	Murata	GJM1555C1HR80WB01D	Mouser	81-GJM1555C1HR80WB1D	C2	1	100	0.0483	4.8300		Surface mount	http://datasheet.octopart.com/GJM1555C1HR80WB01D-Murata-datasheet-10025737.pdf	http://datasheet.octopart.com/GJM1555C1HR80WB01D-Murata-datasheet-11978611.pdf	http://datasheet.octopart.com/GJM1555C1HR80WB01D-Murata-datasheet-12510076.pdf	http://datasheet.octopart.com/GJM1555C1HR80WB01D-Murata-datasheet-12515295.pdf	http://datasheet.octopart.com/GJM1555C1HR80WB01D-Murata-datasheet-128592997.pdf	http://datasheet.octopart.com/GJM1555C1HR80WB01D-Murata-datasheet-138725278.pdf	http://datasheet.octopart.com/GJM1555C1HR80WB01D-Murata-datasheet-140665860.pdf	http://datasheet.octopart.com/GJM1555C1HR80WB01D-Murata-datasheet-141271484.pdf	http://datasheet.octopart.com/GJM1555C1HR80WB01D-Murata-datasheet-14406314.pdf	http://datasheet.octopart.com/GJM1555C1HR80WB01D-Murata-datasheet-32479577.pdf	http://datasheet.octopart.com/GJM1555C1HR80WB01D-Murata-datasheet-82944391.pdf	http://datasheet.octopart.com/GJM1555C1HR80WB01D-Murata-datasheet-8819587.pdf	http://datasheet.octopart.com/GJM1555C1HR80WB01D-Murata-datasheet-96711517.pdf																		
Multilayer Ceramic Capacitor, 22 pF, 50 V, ± 1%, C0G (NP0), 0201 [0603 Metric]	MURATA/GRM0335C1H220FA01D	Murata	GRM0335C1H220FA01D	Mouser	81-GRM0335C1H220FA1D	C7,C8	2	100	0.0126	1.2650		Surface mount	http://datasheet.octopart.com/GRM0335C1H220FA01D-Murata-datasheet-10025737.pdf	http://datasheet.octopart.com/GRM0335C1H220FA01D-Murata-datasheet-11978611.pdf	http://datasheet.octopart.com/GRM0335C1H220FA01D-Murata-datasheet-12510076.pdf	http://datasheet.octopart.com/GRM0335C1H220FA01D-Murata-datasheet-12515295.pdf	http://datasheet.octopart.com/GRM0335C1H220FA01D-Murata-datasheet-138737155.pdf	http://datasheet.octopart.com/GRM0335C1H220FA01D-Murata-datasheet-140674372.pdf	http://datasheet.octopart.com/GRM0335C1H220FA01D-Murata-datasheet-141274005.pdf	http://datasheet.octopart.com/GRM0335C1H220FA01D-Murata-datasheet-8819587.pdf																							
Multilayer Ceramic Capacitor, 4 pF, 50 V, ± 0.1pF, C0G (NP0), 0201 [0603 Metric]	MURATA/GRM0335C1H4R0BA01D	Murata	GRM0335C1H4R0BA01D	Mouser	81-GRM0335C1H4R0BA1D	C5,C6	2	100	0.0058	0.5750		Surface mount	http://datasheet.octopart.com/GRM0335C1H4R0BA01D-Murata-datasheet-10025737.pdf	http://datasheet.octopart.com/GRM0335C1H4R0BA01D-Murata-datasheet-102370999.pdf	http://datasheet.octopart.com/GRM0335C1H4R0BA01D-Murata-datasheet-11978611.pdf	http://datasheet.octopart.com/GRM0335C1H4R0BA01D-Murata-datasheet-12510076.pdf	http://datasheet.octopart.com/GRM0335C1H4R0BA01D-Murata-datasheet-12515295.pdf	http://datasheet.octopart.com/GRM0335C1H4R0BA01D-Murata-datasheet-128593166.pdf	http://datasheet.octopart.com/GRM0335C1H4R0BA01D-Murata-datasheet-138737243.pdf	http://datasheet.octopart.com/GRM0335C1H4R0BA01D-Murata-datasheet-140674455.pdf	http://datasheet.octopart.com/GRM0335C1H4R0BA01D-Murata-datasheet-141274027.pdf	http://datasheet.octopart.com/GRM0335C1H4R0BA01D-Murata-datasheet-14395956.pdf	http://datasheet.octopart.com/GRM0335C1H4R0BA01D-Murata-datasheet-8819587.pdf	http://datasheet.octopart.com/GRM0335C1H4R0BA01D-Murata-datasheet-99353796.pdf																			
CAP CER 470PF 50V C0G/NP0 0402	MURATA/GRM1555C1H471JA01J	Murata	GRM1555C1H471JA01J	Mouser	81-GRM1555C1H471JA1J	C10,C9	2	100	0.0150	1.4950		Surface mount	http://datasheet.octopart.com/GRM1555C1H471JA01J-Murata-datasheet-10025737.pdf	http://datasheet.octopart.com/GRM1555C1H471JA01J-Murata-datasheet-11561359.pdf	http://datasheet.octopart.com/GRM1555C1H471JA01J-Murata-datasheet-11978611.pdf	http://datasheet.octopart.com/GRM1555C1H471JA01J-Murata-datasheet-12510076.pdf	http://datasheet.octopart.com/GRM1555C1H471JA01J-Murata-datasheet-12515295.pdf	http://datasheet.octopart.com/GRM1555C1H471JA01J-Murata-datasheet-12528556.pdf	http://datasheet.octopart.com/GRM1555C1H471JA01J-Murata-datasheet-138739620.pdf	http://datasheet.octopart.com/GRM1555C1H471JA01J-Murata-datasheet-140682242.pdf	http://datasheet.octopart.com/GRM1555C1H471JA01J-Murata-datasheet-141274223.pdf	http://datasheet.octopart.com/GRM1555C1H471JA01J-Murata-datasheet-155239019.pdf	http://datasheet.octopart.com/GRM1555C1H471JA01J-Murata-datasheet-62329913.pdf	http://datasheet.octopart.com/GRM1555C1H471JA01J-Murata-datasheet-8819587.pdf																			
Multilayer Ceramic Capacitor, 1 uF, 6.3 V, ± 10%, X7R, 0402 [1005 Metric]	MURATA/GRM155R70J105KA12J	Murata	GRM155R70J105KA12J	Mouser	81-GRM155R70J105KA2J	C40,C41,C42,C43,C44	5	100	0.0138	1.3800		Surface mount	http://datasheet.octopart.com/GRM155R70J105KA12J-Murata-datasheet-10025737.pdf	http://datasheet.octopart.com/GRM155R70J105KA12J-Murata-datasheet-11978611.pdf	http://datasheet.octopart.com/GRM155R70J105KA12J-Murata-datasheet-12510076.pdf	http://datasheet.octopart.com/GRM155R70J105KA12J-Murata-datasheet-12515295.pdf	http://datasheet.octopart.com/GRM155R70J105KA12J-Murata-datasheet-138740850.pdf	http://datasheet.octopart.com/GRM155R70J105KA12J-Murata-datasheet-140690692.pdf	http://datasheet.octopart.com/GRM155R70J105KA12J-Murata-datasheet-141266224.pdf	http://datasheet.octopart.com/GRM155R70J105KA12J-Murata-datasheet-155345054.pdf	http://datasheet.octopart.com/GRM155R70J105KA12J-Murata-datasheet-17504165.pdf	http://datasheet.octopart.com/GRM155R70J105KA12J-Murata-datasheet-32479577.pdf	http://datasheet.octopart.com/GRM155R70J105KA12J-Murata-datasheet-8819587.pdf																				
Multilayer Ceramic Capacitor, 0.1 uF, 16 V, ± 10%, X7R, 0402 [1005 Metric]	MURATA/GRM155R71C104KA88J	Murata	GRM155R71C104KA88J	Mouser	81-GRM155R71C104KA8J	C27,C28,C29,C30	4	100	0.0115	1.1500		Surface mount	http://datasheet.octopart.com/GRM155R71C104KA88J-Murata-datasheet-10025737.pdf	http://datasheet.octopart.com/GRM155R71C104KA88J-Murata-datasheet-11978611.pdf	http://datasheet.octopart.com/GRM155R71C104KA88J-Murata-datasheet-12510076.pdf	http://datasheet.octopart.com/GRM155R71C104KA88J-Murata-datasheet-12515295.pdf	http://datasheet.octopart.com/GRM155R71C104KA88J-Murata-datasheet-12555248.pdf	http://datasheet.octopart.com/GRM155R71C104KA88J-Murata-datasheet-138740890.pdf	http://datasheet.octopart.com/GRM155R71C104KA88J-Murata-datasheet-140690972.pdf	http://datasheet.octopart.com/GRM155R71C104KA88J-Murata-datasheet-141266224.pdf	http://datasheet.octopart.com/GRM155R71C104KA88J-Murata-datasheet-22122223.pdf	http://datasheet.octopart.com/GRM155R71C104KA88J-Murata-datasheet-39128469.pdf	http://datasheet.octopart.com/GRM155R71C104KA88J-Murata-datasheet-44106314.pdf	http://datasheet.octopart.com/GRM155R71C104KA88J-Murata-datasheet-6387203.pdf	http://datasheet.octopart.com/GRM155R71C104KA88J-Murata-datasheet-66077077.pdf	http://datasheet.octopart.com/GRM155R71C104KA88J-Murata-datasheet-83187953.pdf	http://datasheet.octopart.com/GRM155R71C104KA88J-Murata-datasheet-8819587.pdf																
Multilayer Ceramic Capacitor, 0.022 uF, 25 V, ± 5%, X7R, 0402 [1005 Metric]	MURATA/GRM155R71E223JA61D	Murata	GRM155R71E223JA61D	Mouser	81-GRM155R71E223JA1D	C17,C18,C19	3	100	0.0104	1.0350		Surface mount	http://datasheet.octopart.com/GRM155R71E223JA61D-Murata-datasheet-10025737.pdf	http://datasheet.octopart.com/GRM155R71E223JA61D-Murata-datasheet-11978611.pdf	http://datasheet.octopart.com/GRM155R71E223JA61D-Murata-datasheet-12510076.pdf	http://datasheet.octopart.com/GRM155R71E223JA61D-Murata-datasheet-12515295.pdf	http://datasheet.octopart.com/GRM155R71E223JA61D-Murata-datasheet-138740947.pdf	http://datasheet.octopart.com/GRM155R71E223JA61D-Murata-datasheet-140691385.pdf	http://datasheet.octopart.com/GRM155R71E223JA61D-Murata-datasheet-141266224.pdf	http://datasheet.octopart.com/GRM155R71E223JA61D-Murata-datasheet-14400591.pdf	http://datasheet.octopart.com/GRM155R71E223JA61D-Murata-datasheet-149523063.pdf	http://datasheet.octopart.com/GRM155R71E223JA61D-Murata-datasheet-32479577.pdf	http://datasheet.octopart.com/GRM155R71E223JA61D-Murata-datasheet-8819587.pdf																				
Multilayer Ceramic Capacitor, 0.01 uF, 50 V, ± 10%, X7R, 0402 [1005 Metric]	MURATA/GRM155R71H103KA88J	Murata	GRM155R71H103KA88J	Mouser	81-GRM155R71H103KA8J	C15,C16	2	100	0.0092	0.9200		Surface mount	http://datasheet.octopart.com/GRM155R71H103KA88J-Murata-datasheet-10025737.pdf	http://datasheet.octopart.com/GRM155R71H103KA88J-Murata-datasheet-11800028.pdf	http://datasheet.octopart.com/GRM155R71H103KA88J-Murata-datasheet-11978611.pdf	http://datasheet.octopart.com/GRM155R71H103KA88J-Murata-datasheet-12510076.pdf	http://datasheet.octopart.com/GRM155R71H103KA88J-Murata-datasheet-12515295.pdf	http://datasheet.octopart.com/GRM155R71H103KA88J-Murata-datasheet-12544023.pdf	http://datasheet.octopart.com/GRM155R71H103KA88J-Murata-datasheet-13530826.pdf	http://datasheet.octopart.com/GRM155R71H103KA88J-Murata-datasheet-138740980.pdf	http://datasheet.octopart.com/GRM155R71H103KA88J-Murata-datasheet-140568805.pdf	http://datasheet.octopart.com/GRM155R71H103KA88J-Murata-datasheet-140689249.pdf	http://datasheet.octopart.com/GRM155R71H103KA88J-Murata-datasheet-140691758.pdf	http://datasheet.octopart.com/GRM155R71H103KA88J-Murata-datasheet-155345057.pdf	http://datasheet.octopart.com/GRM155R71H103KA88J-Murata-datasheet-22122223.pdf	http://datasheet.octopart.com/GRM155R71H103KA88J-Murata-datasheet-39128469.pdf	http://datasheet.octopart.com/GRM155R71H103KA88J-Murata-datasheet-8329667.pdf	http://datasheet.octopart.com/GRM155R71H103KA88J-Murata-datasheet-8819587.pdf															
CAP CER 0.47UF 25V X5R 0402	MURATA/GRT155R61E474ME01D	Murata	GRT155R61E474ME01D	Mouser	81-GRT155R61E474ME1D	C38,C39	2	18	0.4025	7.2450		Surface mount																															
Wirewound Inductor, 4.7 nH, 71 Milliohm, ± 2%, 8 GHz, 1.2 A, 0402 [1005 Metric]	MURATA/LQW15AN4N7G8ZD	Murata	LQW15AN4N7G8ZD	Mouser	81-LQW15AN4N7G8ZD	L3	1	14	0.1944	2.7209		Surface mount	http://datasheet.octopart.com/LQW15AN4N7G8ZD-Murata-datasheet-138757935.pdf	http://datasheet.octopart.com/LQW15AN4N7G8ZD-Murata-datasheet-140317541.pdf	http://datasheet.octopart.com/LQW15AN4N7G8ZD-Murata-datasheet-140716884.pdf	http://datasheet.octopart.com/LQW15AN4N7G8ZD-Murata-datasheet-141294498.pdf	http://datasheet.octopart.com/LQW15AN4N7G8ZD-Murata-datasheet-142541676.pdf	http://datasheet.octopart.com/LQW15AN4N7G8ZD-Murata-datasheet-145451986.pdf	http://datasheet.octopart.com/LQW15AN4N7G8ZD-Murata-datasheet-150009401.pdf																								
Conn Coaxial RCP 0Hz to 11GHz 50Ohm Solder ST SMD Reel / CONN UMC RCPT STR 50 OHM SMD	MURATA/MM8030-2610RK0	Murata	MM8030-2610RK0	Mouser	81-MM8030-2610RK0	S4	1	100	0.1196	11.9600		Surface mount	http://datasheet.octopart.com/MM8030-2610RK0-Murata-datasheet-140462597.pdf	http://datasheet.octopart.com/MM8030-2610RK0-Murata-datasheet-14049754.pdf																													
Ntc Thermistor, 10Kohm, 0402 Rohs Compliant: Yes |Murata NCU15XH103F60RC	MURATA/NCU15XH103F60RC	Murata	NCU15XH103F60RC	Digi-Key	490-18149-1-ND	RT1	1	100	0.0230	2.3000		Surface mount	http://datasheet.octopart.com/NCU15XH103F60RC-Murata-datasheet-138710188.pdf	http://datasheet.octopart.com/NCU15XH103F60RC-Murata-datasheet-141294565.pdf	http://sigma.octopart.com/140084259/technical_drawing/Murata-NCU15XH103F60RC.pdf																												
BUZZER MAGNETIC 3V 4X4MM SMD	PA/SMT-0440-T-2-R	PUI Audio	SMT-0440-T-2-R	Digi-Key	668-SMT-0440-T-2-RCT-ND	LS1	1	7	3.3580	23.5060		Surface mount	http://datasheet.octopart.com/SMT-0440-T-2-R-PUI-Audio-datasheet-154249315.pdf																														
SMD Chip Resistor, 15 Ohm, ± 1%, 50 mW, 0201 [0603 Metric], Thick Film, General Purpose	PANASONIC/ERJ-1GNF15R0C	Panasonic	ERJ-1GNF15R0C	Mouser	667-ERJ-1GNF15R0C	R4,R5	2	100	0.0172	1.7250		Surface mount	http://datasheet.octopart.com/ERJ1GNF15R0C-Panasonic-datasheet-10025800.pdf	http://datasheet.octopart.com/ERJ1GNF15R0C-Panasonic-datasheet-11629040.pdf	http://datasheet.octopart.com/ERJ-1GNF15R0C-Panasonic-datasheet-13266541.pdf	http://datasheet.octopart.com/ERJ-1GNF15R0C-Panasonic-datasheet-136608610.pdf	http://datasheet.octopart.com/ERJ-1GNF15R0C-Panasonic-datasheet-154766169.pdf	http://datasheet.octopart.com/ERJ-1GNF15R0C-Panasonic-datasheet-48891056.pdf	http://datasheet.octopart.com/ERJ1GNF15R0C-Panasonic-datasheet-5313456.pdf	http://datasheet.octopart.com/ERJ-1GNF15R0C-Panasonic-datasheet-78375410.pdf	http://datasheet.octopart.com/ERJ-1GNF15R0C-Panasonic-datasheet-82288794.pdf	http://datasheet.octopart.com/ERJ1GNF15R0C-Panasonic-datasheet-8853621.pdf	http://datasheet.octopart.com/Precision-Thick-Film-Chip-Resistors-Panasonic-datasheet-family-106.pdf																				
Res Thick Film 0201 261K Ohm 1% 1/20W ±200ppm/°C Molded SMD SMD T/R	PANASONIC/ERJ-1GNF2613C	Panasonic	ERJ-1GNF2613C	Mouser	667-ERJ-1GNF2613C	R26	1	100	0.0172	1.7250		Surface mount																															
Res Thick Film 0201 402K Ohm 1% 1/20W ±200ppm/°C Molded SMD SMD T/R	PANASONIC/ERJ-1GNF4023C	Panasonic	ERJ-1GNF4023C	Mouser	667-ERJ-1GNF4023C	R27	1	100	0.0161	1.6100		Surface mount																															
SMD Chip Resistor, 49.9 Ohm, ± 1%, 50 mW, 0201 [0603 Metric], Thick Film, General Purpose	PANASONIC/ERJ-1GNF49R9C	Panasonic	ERJ-1GNF49R9C	Mouser	667-ERJ-1GNF49R9C	R1	1	100	0.0161	1.6100		Surface mount	http://datasheet.octopart.com/ERJ-1GNF49R9C-Panasonic-datasheet-10025800.pdf	http://datasheet.octopart.com/ERJ-1GNF49R9C-Panasonic-datasheet-11629040.pdf	http://datasheet.octopart.com/ERJ-1GNF49R9C-Panasonic-datasheet-13266541.pdf	http://datasheet.octopart.com/ERJ-1GNF49R9C.-Panasonic-datasheet-136422778.pdf	http://datasheet.octopart.com/ERJ-1GNF49R9C-Panasonic-datasheet-154766169.pdf	http://datasheet.octopart.com/ERJ-1GNF49R9C-Panasonic-datasheet-41391857.pdf	http://datasheet.octopart.com/ERJ-1GNF49R9C-Panasonic-datasheet-48891056.pdf	http://datasheet.octopart.com/ERJ-1GNF49R9C-Panasonic-datasheet-5313456.pdf	http://datasheet.octopart.com/ERJ-1GNF49R9C-Panasonic-datasheet-78375410.pdf	http://datasheet.octopart.com/ERJ-1GNF49R9C-Panasonic-datasheet-82288794.pdf	http://datasheet.octopart.com/ERJ-1GNF49R9C-Panasonic-datasheet-8853621.pdf	http://datasheet.octopart.com/Precision-Thick-Film-Chip-Resistors-Panasonic-datasheet-family-106.pdf																			
Res Thick Film 0201 845K Ohm 1% 1/20W ±200ppm/°C Molded SMD SMD T/R	PANASONIC/ERJ-1GNF8453C	Panasonic	ERJ-1GNF8453C	Digi-Key	P123182CT-ND	R28,R29	2	100	0.0253	2.5300		Surface mount	http://datasheet.octopart.com/ERJ-1GNF8453C-Panasonic-datasheet-11629040.pdf	http://datasheet.octopart.com/ERJ-1GNF8453C-Panasonic-datasheet-13266541.pdf	http://datasheet.octopart.com/ERJ-1GNF8453C-Panasonic-datasheet-154766169.pdf	http://datasheet.octopart.com/ERJ-1GNF8453C-Panasonic-datasheet-78375410.pdf	http://datasheet.octopart.com/ERJ1GNF8453C-Panasonic-datasheet-82288794.pdf	http://datasheet.octopart.com/Precision-Thick-Film-Chip-Resistors-Panasonic-datasheet-family-106.pdf																									
SMD Chip Resistor, 1 kOhm, ± 5%, 50 mW, 0201 [0603 Metric], Thick Film, General Purpose	PANASONIC/ERJ-1GNJ102C	Panasonic	ERJ-1GNJ102C	Mouser	667-ERJ-1GNJ102C	R13,R14	2	100	0.0092	0.9200		Surface mount	http://datasheet.octopart.com/ERJ-1GNJ102C-Panasonic-datasheet-10025800.pdf	http://datasheet.octopart.com/ERJ-1GNJ102C-Panasonic-datasheet-11629040.pdf	http://datasheet.octopart.com/ERJ-1GNJ102C-Panasonic-datasheet-13266541.pdf	http://datasheet.octopart.com/ERJ-1GNJ102C-Panasonic-datasheet-147443676.pdf	http://datasheet.octopart.com/ERJ-1GNJ102C-Panasonic-datasheet-48891056.pdf	http://datasheet.octopart.com/ERJ-1GNJ102C-Panasonic-datasheet-5313456.pdf	http://datasheet.octopart.com/ERJ-1GNJ102C-Panasonic-datasheet-61114972.pdf	http://datasheet.octopart.com/ERJ-1GNJ102C-Panasonic-datasheet-78375410.pdf	http://datasheet.octopart.com/ERJ-1GNJ102C-Panasonic-datasheet-8853621.pdf	http://datasheet.octopart.com/Thick-Film-Chip-Resistors-Panasonic-datasheet-family-105.pdf	http://sigma.octopart.com/138766958/technical_drawing/Panasonic-ERJ-1GNJ102C.pdf																				
UWB Transceiver IC with 1 Antenna Port, UWB Channels 5, 9, 2.4 to 3.6 V, QFN, 5 x 5 mm	QORVO/DW3210	Qorvo	DW3210	user-25598	Consign	U2	1	4		0.0000		Surface mount																															
RT8020 Series 5.5 V 1.5 MHz 1 A Dual PWM Step-Down DC-DC Converter - DFN-12W	RICHTEK/RT8020GQW	Richtek	RT8020GQW	Digi-Key	1028-1032-1-ND	VR1	1	8	1.2535	10.0280		Surface mount	http://datasheet.octopart.com/RT8020GQW-Richtek-datasheet-103055696.pdf	http://datasheet.octopart.com/RT8020GQW-Richtek-datasheet-12511786.pdf	http://datasheet.octopart.com/RT8020GQW-Richtek-datasheet-14168583.pdf	http://datasheet.octopart.com/RT8020GQW-Richtek-datasheet-145014622.pdf	http://datasheet.octopart.com/RT8020GQW-Richtek-datasheet-159008034.pdf	http://datasheet.octopart.com/RT8020GQW-Richtek-datasheet-21404912.pdf																									
Multilayer Ceramic Capacitor, 0.1 uF, 10 V, ± 10%, X5R, 0402 [1005 Metric]	SAMSUNG/CL05A104KP5NNNC	Samsung	CL05A104KP5NNNC	Newark	82AC9177	C22,C23,C24,C25,C26,C31,C32,C33,C34,C35	10	100	0.0034	0.3450		Surface mount	http://datasheet.octopart.com/CL05A104KP5NNNC-Samsung-datasheet-42280511.pdf	http://datasheet.octopart.com/CL05A104KP5NNNC-Samsung-datasheet-59220082.pdf	http://datasheet.octopart.com/CL05A104KP5NNNC-Samsung-Electro-Mechanics-datasheet-110226197.pdf	http://datasheet.octopart.com/CL05A104KP5NNNC-Samsung-Electro-Mechanics-datasheet-11780788.pdf	http://datasheet.octopart.com/CL05A104KP5NNNC-Samsung-Electro-Mechanics-datasheet-136031717.pdf	http://datasheet.octopart.com/CL05A104KP5NNNC-Samsung-Electro-Mechanics-datasheet-149136630.pdf	http://datasheet.octopart.com/CL05A104KP5NNNC-Samsung-Electro-Mechanics-datasheet-81461587.pdf	http://datasheet.octopart.com/CL05A104KP5NNNC-Samsung-Electro-Mechanics-datasheet-8324245.pdf	http://datasheet.octopart.com/CL05A104KP5NNNC-Samsung-Electro-Mechanics-datasheet-97040617.pdf	http://datasheet.octopart.com/General-Multilayer-Ceramic-Capacitors-Samsung-datasheet-family-111.pdf																					
Multilayer Ceramic Capacitor, 0.22 uF, 10 V, ± 10%, X5R, 0402 [1005 Metric]	SAMSUNG/CL05A224KP5NNNC	Samsung	CL05A224KP5NNNC	Newark	82AC9193	C36,C37	2	100	0.0058	0.5750		Surface mount	http://datasheet.octopart.com/CL05A224KP5NNNC-Samsung-datasheet-26589002.pdf	http://datasheet.octopart.com/CL05A224KP5NNNC-Samsung-datasheet-37081328.pdf	http://datasheet.octopart.com/CL05A224KP5NNNC-Samsung-Electro-Mechanics-datasheet-110226210.pdf	http://datasheet.octopart.com/CL05A224KP5NNNC-Samsung-Electro-Mechanics-datasheet-136031725.pdf	http://datasheet.octopart.com/CL05A224KP5NNNC-Samsung-Electro-Mechanics-datasheet-149136675.pdf	http://datasheet.octopart.com/CL05A224KP5NNNC-Samsung-Electro-Mechanics-datasheet-81461598.pdf	http://datasheet.octopart.com/CL05A224KP5NNNC-Samsung-Electro-Mechanics-datasheet-8324245.pdf	http://datasheet.octopart.com/CL05A224KP5NNNC-Samsung-Electro-Mechanics-datasheet-97040617.pdf	http://datasheet.octopart.com/CL05A224KP5NNNC-Samsung-Electro-Mechanics-datasheet-98959844.pdf	http://datasheet.octopart.com/General-Multilayer-Ceramic-Capacitors-Samsung-datasheet-family-111.pdf																					
RF Switch SP3T 100MHz to 6GHz 18dB Automotive 12-Pin QFN EP T/R	SS2/SKY13373-460LF	Skyworks Solutions	SKY13373-460LF	Mouser	873-SKY13373-460LF	S2	1	8	1.4145	11.3160		Surface mount	http://datasheet.octopart.com/SKY13373-460LF-Skyworks-Solutions-datasheet-11012617.pdf	http://datasheet.octopart.com/SKY13373-460LF-Skyworks-Solutions-datasheet-137184574.pdf	http://datasheet.octopart.com/SKY13373-460LF-Skyworks-Solutions-datasheet-38206044.pdf																												
Res Thick Film 0402 162 Ohm 1% 0.063W(1/16W) ±100ppm/C Pad SMD Automotive T/R	STACKPOLE/RMCF0402FT162R	Stackpole Electronics	RMCF0402FT162R	Digi-Key	RMCF0402FT162RCT-ND	R8,R9	2	100	0.0102	1.0235		Surface mount	http://datasheet.octopart.com/RMCF0402FT162R-Stackpole-Electronics-datasheet-10788263.pdf	http://datasheet.octopart.com/RMCF0402FT162R-Stackpole-Electronics-datasheet-12534581.pdf	http://datasheet.octopart.com/RMCF0402FT162R-Stackpole-Electronics-datasheet-141193804.pdf	http://datasheet.octopart.com/RMCF0402FT162R-Stackpole-Electronics-datasheet-28504820.pdf	http://datasheet.octopart.com/RMCF0402FT162R-Stackpole-Electronics-datasheet-62091608.pdf																										
Res Thick Film 0402 1.87M Ohm 1% 0.063W ±200ppm/°C Molded SMD Paper T/R	STACKPOLE/RMCF0402FT1M87	Stackpole Electronics	RMCF0402FT1M87	Digi-Key	RMCF0402FT1M87CT-ND	R30	1	100	0.0094	0.9430		Surface mount																															
Res Thick Film 0402 5.1M Ohm 1% 0.063W ±200ppm/°C Molded SMD Paper T/R	STACKPOLE/RMCF0402FT5M10	Stackpole Electronics	RMCF0402FT5M10	Digi-Key	RMCF0402FT5M10CT-ND	R31,R33,R34	3	100	0.0094	0.9430		Surface mount	http://datasheet.octopart.com/RMCF0402FT5M10-Stackpole-Electronics-datasheet-10788263.pdf	http://datasheet.octopart.com/RMCF0402FT5M10-Stackpole-Electronics-datasheet-12534581.pdf	http://datasheet.octopart.com/RMCF0402FT5M10-Stackpole-Electronics-datasheet-141193804.pdf	http://datasheet.octopart.com/RMCF0402FT5M10-Stackpole-Electronics-datasheet-28504820.pdf	http://datasheet.octopart.com/RMCF0402FT5M10-Stackpole-Electronics-datasheet-62091608.pdf																										
Res Thick Film 0402 97.6 Ohm 1% 0.063W ±100ppm/°C Molded SMD Paper T/R	STACKPOLE/RMCF0402FT97R6	Stackpole Electronics	RMCF0402FT97R6	Digi-Key	738-RMCF0402FT97R6CT-ND	R6,R7	2	154	0.0038	0.5809		Surface mount	http://datasheet.octopart.com/RMCF0402FT97R6-Stackpole-Electronics-datasheet-10788263.pdf	http://datasheet.octopart.com/RMCF0402FT97R6-Stackpole-Electronics-datasheet-12534581.pdf	http://datasheet.octopart.com/RMCF0402FT97R6-Stackpole-Electronics-datasheet-141193804.pdf	http://datasheet.octopart.com/RMCF0402FT97R6-Stackpole-Electronics-datasheet-28504820.pdf	http://datasheet.octopart.com/RMCF0402FT97R6-Stackpole-Electronics-datasheet-62091608.pdf																										
Res Thick Film 0402 2.2K Ohm 5% 0.063W ±100ppm/°C Molded SMD Paper T/R	STACKPOLE/RMCF0402JT2K20	Stackpole Electronics	RMCF0402JT2K20	Digi-Key	RMCF0402JT2K20DKR-ND	R15	1	100	0.0079	0.7935		Surface mount	http://datasheet.octopart.com/RMCF0402JT2K20-Stackpole-Electronics-datasheet-10788263.pdf	http://datasheet.octopart.com/RMCF0402JT2K20-Stackpole-Electronics-datasheet-12510902.pdf	http://datasheet.octopart.com/RMCF0402JT2K20-Stackpole-Electronics-datasheet-12534581.pdf	http://datasheet.octopart.com/RMCF0402JT2K20-Stackpole-Electronics-datasheet-141193804.pdf	http://datasheet.octopart.com/RMCF0402JT2K20-Stackpole-Electronics-datasheet-28504820.pdf	http://datasheet.octopart.com/RMCF0402JT2K20-Stackpole-Electronics-datasheet-62091608.pdf																									
Res Thkflm 0603 0 Ohm Jumper 1/10W 100Ppm/ C Smd Rohs Compliant: Yes	STACKPOLE/RMCF0603ZT0R00	Stackpole Electronics	RMCF0603ZT0R00	Mouser	708-RMCF0603ZT0R00	RZ1,RZ2,RZ3,RZ4,RZ5	5	100	0.0058	0.5750		Surface mount	http://datasheet.octopart.com/RMCF0603ZT0R00-Stackpole-Electronics-datasheet-10788263.pdf	http://datasheet.octopart.com/RMCF0603ZT0R00-Stackpole-Electronics-datasheet-11546843.pdf	http://datasheet.octopart.com/RMCF0603ZT0R00-Stackpole-Electronics-datasheet-11547379.pdf	http://datasheet.octopart.com/RMCF0603ZT0R00-Stackpole-Electronics-datasheet-116606903.pdf	http://datasheet.octopart.com/RMCF0603ZT0R00-Stackpole-Electronics-datasheet-12534581.pdf	http://datasheet.octopart.com/RMCF0603ZT0R00-Stackpole-Electronics-datasheet-141193804.pdf	http://datasheet.octopart.com/RMCF0603ZT0R00-Stackpole-Electronics-datasheet-154799224.pdf	http://datasheet.octopart.com/RMCF0603ZT0R00-Stackpole-Electronics-datasheet-28504820.pdf	http://datasheet.octopart.com/RMCF0603ZT0R00-Stackpole-Electronics-datasheet-62091608.pdf	http://datasheet.octopart.com/RMCF0603ZT0R00-Stackpole-Electronics-datasheet-8324226.pdf	http://datasheet.octopart.com/RMCF0603ZT0R00-Stackpole-Electronics-datasheet-8359789.pdf																				
Inductor Power Shielded Wirewound 10uH 20% 100KHz Ferrite 0.71A 0.276Ohm DCR 1212 T/R	TAIYOYUDEN/NR3015T100M	Taiyo Yuden	NR3015T100M	Mouser	963-NR3015T100M	L1,L2	2	18	0.2794	5.0301		Surface mount	http://datasheet.octopart.com/NR3015T100M-Taiyo-Yuden-datasheet-10031713.pdf	http://datasheet.octopart.com/NR3015T100M-Taiyo-Yuden-datasheet-101669872.pdf	http://datasheet.octopart.com/NR3015T100M-Taiyo-Yuden-datasheet-10283011.pdf	http://datasheet.octopart.com/NR3015T100M-Taiyo-Yuden-datasheet-10408854.pdf	http://datasheet.octopart.com/NR3015T100M-Taiyo-Yuden-datasheet-10545600.pdf	http://datasheet.octopart.com/NR3015T100M-Taiyo-Yuden-datasheet-10549048.pdf	http://datasheet.octopart.com/NR3015T100M-Taiyo-Yuden-datasheet-10618026.pdf	http://datasheet.octopart.com/NR3015T100M-Taiyo-Yuden-datasheet-10620942.pdf	http://datasheet.octopart.com/NR3015T100M-Taiyo-Yuden-datasheet-10622963.pdf	http://datasheet.octopart.com/NR3015T100M-Taiyo-Yuden-datasheet-10671320.pdf	http://datasheet.octopart.com/NR3015T100M-Taiyo-Yuden-datasheet-10742123.pdf	http://datasheet.octopart.com/NR3015T100M-Taiyo-Yuden-datasheet-10854574.pdf	http://datasheet.octopart.com/NR3015T100M-Taiyo-Yuden-datasheet-118848.pdf	http://datasheet.octopart.com/NR3015T100M-Taiyo-Yuden-datasheet-118905.pdf	http://datasheet.octopart.com/NR3015T100M-Taiyo-Yuden-datasheet-119523.pdf	http://datasheet.octopart.com/NR3015T100M-Taiyo-Yuden-datasheet-120265.pdf	http://datasheet.octopart.com/NR3015T100M-Taiyo-Yuden-datasheet-13712977.pdf	http://datasheet.octopart.com/NR3015T100M-Taiyo-Yuden-datasheet-14066635.pdf	http://datasheet.octopart.com/NR3015T100M-Taiyo-Yuden-datasheet-141251735.pdf	http://datasheet.octopart.com/NR3015T100M-Taiyo-Yuden-datasheet-154809638.pdf	http://datasheet.octopart.com/NR3015T100M-Taiyo-Yuden-datasheet-1645.pdf	http://datasheet.octopart.com/NR3015T100M-Taiyo-Yuden-datasheet-17274180.pdf	http://datasheet.octopart.com/NR3015T100M-Taiyo-Yuden-datasheet-21217700.pdf	http://datasheet.octopart.com/NR3015T100M-Taiyo-Yuden-datasheet-41181802.pdf	http://datasheet.octopart.com/NR3015T100M-Taiyo-Yuden-datasheet-5326109.pdf	http://datasheet.octopart.com/NR3015T100M-Taiyo-Yuden-datasheet-62109551.pdf	http://datasheet.octopart.com/NR3015T100M-Taiyo-Yuden-datasheet-65973303.pdf	http://datasheet.octopart.com/NR3015T100M-Taiyo-Yuden-datasheet-8820216.pdf	http://datasheet.octopart.com/NR3015T100M-Taiyo-Yuden-datasheet-8836259.pdf	http://datasheet.octopart.com/NR3015T100M-Taiyo-Yuden-datasheet-8857305.pdf	http://datasheet.octopart.com/NR3015T100M-Taiyo-Yuden-datasheet-99833426.pdf
Multilayer Ceramic Capacitor, 4.7 uF, 10 V, ± 10%, X7S, 0603 [1608 Metric]	TDK/C1608X7S1A475K080AC	TDK	C1608X7S1A475K080AC	Mouser	810-C1608X7S1A475KAC	C45,C46,C47,C48,C49,C50,C51,C52	8	100	0.0724	7.2450		Surface mount	http://datasheet.octopart.com/C1608X7S1A475K080AC-TDK-datasheet-151546523.pdf	http://datasheet.octopart.com/C1608X7S1A475K080AC-TDK-datasheet-41194876.pdf	http://datasheet.octopart.com/C1608X7S1A475K080AC-TDK-datasheet-82475248.pdf	http://datasheet.octopart.com/C-Series-Ceramic-Chip-Capacitors-TDK-datasheet-family-84.pdf																											
Standalone 1-cell 1-A linear battery charger with 4.2-V VBAT and Temperature Sensing 10-WSON 0 to 125	TI/BQ24040DSQR	Texas Instruments	BQ24040DSQR	Mouser	595-BQ24040DSQR	U3	1	8	1.3915	11.1320		Surface mount	http://datasheet.octopart.com/BQ24040DSQR-Texas-Instruments-datasheet-10257486.pdf	http://datasheet.octopart.com/BQ24040DSQR-Texas-Instruments-datasheet-10286863.pdf	http://datasheet.octopart.com/BQ24040DSQR-Texas-Instruments-datasheet-11520011.pdf	http://datasheet.octopart.com/BQ24040DSQR-Texas-Instruments-datasheet-13762709.pdf	http://datasheet.octopart.com/BQ24040DSQR-Texas-Instruments-datasheet-140571232.pdf	http://datasheet.octopart.com/BQ24040DSQR-Texas-Instruments-datasheet-14154744.pdf	http://datasheet.octopart.com/BQ24040DSQR-Texas-Instruments-datasheet-14444722.pdf	http://datasheet.octopart.com/BQ24040DSQR-Texas-Instruments-datasheet-159114649.pdf	http://datasheet.octopart.com/BQ24040DSQR-Texas-Instruments-datasheet-23685543.pdf	http://datasheet.octopart.com/BQ24040DSQR-Texas-Instruments-datasheet-62292463.pdf	http://datasheet.octopart.com/BQ24040DSQR-Texas-Instruments-datasheet-62313082.pdf	http://datasheet.octopart.com/BQ24040DSQR-Texas-Instruments-datasheet-65712747.pdf	http://sigma.octopart.com/49250718/technical_drawing/Texas-Instruments-BQ24040DSQR.pdf	https://octopart.com/click/track?ai=8005&ct=datasheets&sig=02058b3&at=physicalpart&sid=370&ppid=12187011&hlid=29921624	https://octopart.com/click/track?ai=8005&ct=datasheets&sig=0dac3df&at=physicalpart&sid=370&ppid=12187011&hlid=31981250																
WPC 1.1 Compatible Fully integrated Wireless power Receiver IC 20-VQFN 0 to 125	TI/BQ51013BRHLR	Texas Instruments	BQ51013BRHLR	Mouser	595-BQ51013BRHLR	U4	1	7	3.9790	27.8530		Surface mount	http://datasheet.octopart.com/BQ51013BRHLR-Texas-Instruments-datasheet-12955706.pdf	http://datasheet.octopart.com/BQ51013BRHLR-Texas-Instruments-datasheet-14433264.pdf	http://datasheet.octopart.com/BQ51013BRHLR-Texas-Instruments-datasheet-159114702.pdf	http://datasheet.octopart.com/BQ51013BRHLR-Texas-Instruments-datasheet-21094540.pdf	http://datasheet.octopart.com/BQ51013BRHLR-Texas-Instruments-datasheet-41214977.pdf	http://datasheet.octopart.com/BQ51013BRHLR-Texas-Instruments-datasheet-94061900.pdf	http://sigma.octopart.com/103093910/technical_drawing/Texas-Instruments-BQ51013BRHLR.pdf	http://sigma.octopart.com/49250707/technical_drawing/Texas-Instruments-BQ51013BRHLR.pdf	http://sigma.octopart.com/68308939/technical_drawing/Texas-Instruments-BQ51013BRHLR.pdf	https://octopart.com/click/track?ai=8005&ct=datasheets&sig=00d58a0&at=physicalpart&sid=370&ppid=24884967&hlid=29925165	https://octopart.com/click/track?ai=8005&ct=datasheets&sig=07cd215&at=physicalpart&sid=370&ppid=24884967&hlid=31984885																				
Transistor MOSFET Array Dual P-CH 3.9A 9-Pin DSBGA T/R	TI/CSD75207W15	Texas Instruments	CSD75207W15	Mouser	595-CSD75207W15	Q1	1	14	0.6348	8.8872		Surface mount	http://datasheet.octopart.com/CSD75207W15-Texas-Instruments-datasheet-142046467.pdf	http://datasheet.octopart.com/CSD75207W15-Texas-Instruments-datasheet-150476432.pdf	http://datasheet.octopart.com/CSD75207W15-Texas-Instruments-datasheet-15994538.pdf	http://datasheet.octopart.com/CSD75207W15-Texas-Instruments-datasheet-27303991.pdf	http://datasheet.octopart.com/CSD75207W15-Texas-Instruments-datasheet-41215282.pdf	http://sigma.octopart.com/117815113/technical_drawing/Texas-Instruments-CSD75207W15.pdf	http://sigma.octopart.com/49250811/technical_drawing/Texas-Instruments-CSD75207W15.pdf	https://octopart.com/click/track?ai=8005&ct=datasheets&sig=025091c&at=physicalpart&sid=370&ppid=29716915&hlid=29941442	https://octopart.com/click/track?ai=8005&ct=datasheets&sig=04df985&at=physicalpart&sid=370&ppid=29716915&hlid=32000877																						
IC REG LINEAR 1.8V 200MA 4X2SON	TI/TPS7A0218PDQNR	Texas Instruments	TPS7A0218PDQNR	Mouser	595-TPS7A0218PDQNR	VR3	1	8	1.0925	8.7400		Surface mount	http://sigma.octopart.com/68308705/technical_drawing/Texas-Instruments-TPS7A0218PDQNR.pdf	https://octopart.com/click/track?ai=8005&ct=datasheets&sig=02b1362&at=physicalpart&sid=370&ppid=106631936&hlid=30254241																													
1.6X1.0 - 32.768Khz Quartz Xtal/Ceramic, +/-20Ppm @25C, 7Pf |Txc 9HT12-32.768KDZY-T	TXC/9HT12-32.768KDZY-T	TXC	9HT12-32.768KDZY-T	Mouser	717-9HT12-32.76KDZYT	X2	1	8	1.2880	10.3040		Surface mount	http://datasheet.octopart.com/9HT12-32.768KDZY-T-TXC-datasheet-21225339.pdf																														
Multi-Color LED; 0606; Flat Lens; Red; Green(Yellow Green)	VENKEL/MCL0606FRD1GR1T	Venkel	MCL0606FRD1GR1T	user-25598	Consign	D1	1	4		0.0000		Surface mount																															
Multi-Color LED; 0606; Flat Lens; Yellow; Red	VENKEL/MCL0606FYW1RD1T	Venkel	MCL0606FYW1RD1T	user-25598	Consign	D2	1	4		0.0000		Surface mount																															
SiP32414 Series Dual 2A 1.2 V 72 mOhms Slew Rate Controlled Load Switch - TDFN-8	VISHAY/SIP32414DNP-T1-GE4	Vishay	SIP32414DNP-T1-GE4	Mouser	781-SIP32414DNP-GE4	S3	1	14	0.9304	13.0249		Surface mount	http://datasheet.octopart.com/SIP32414DNP-T1-GE4-Vishay-datasheet-13711623.pdf	http://datasheet.octopart.com/SIP32414DNP-T1-GE4-Vishay-datasheet-39160774.pdf	http://datasheet.octopart.com/SIP32414DNP-T1-GE4-Vishay-datasheet-62319063.pdf																												
MINI SLIDE SWITCH 6.7 X 2.7 MM.	W/450404015514	Würth Elektronik	450404015514	Mouser	710-450404015514	S1	1	8	0.9200	7.3600		Surface mount																															
WE-WPCC Wireless Power Charging Rx Coil | Wurth Electronics 760308103204	W/760308103204	Würth Elektronik	760308103204	Mouser	710-760308103204	L4	1	6	7.4175	44.5050		Through hole	http://datasheet.octopart.com/760308103204-W%C3%BCrth-Elektronik-datasheet-111089581.pdf	http://datasheet.octopart.com/760308103204-W%C3%BCrth-Elektronik-datasheet-141445845.pdf	http://datasheet.octopart.com/760308103204-W%C3%BCrth-Elektronik-datasheet-23701282.pdf																												
Multilayer Ceramic Capacitor, 0.022 uF, 50 V, ± 0.1pF, C0G (NP0), 0603 [1608 Metric]	YAGEO/CC0402ZRY5V8BB223	Yageo	CC0402ZRY5V8BB223	Mouser	603-CC402ZRY5V8BB223	C20,C21	2	100	0.0115	1.1500		Surface mount	http://datasheet.octopart.com/CC0402ZRY5V8BB223-Yageo-datasheet-78855689.pdf																														
SMD Chip Resistor, 10 kOhm, ± 5%, 63 mW, 0402 [1005 Metric], Thick Film, General Purpose	YAGEO/RC0402JR-0710KL	Yageo	RC0402JR-0710KL	Mouser	603-RC0402JR-0710KL	R18,R20,R21,R23	4	100	0.0058	0.5750		Surface mount	http://datasheet.octopart.com/RC0402JR-0710KL-Yageo-datasheet-10408619.pdf	http://datasheet.octopart.com/RC0402JR-0710KL-Yageo-datasheet-12531192.pdf	http://datasheet.octopart.com/RC0402JR-0710KL-Yageo-datasheet-137700087.pdf	http://datasheet.octopart.com/RC0402JR-0710KL-Yageo-datasheet-141265859.pdf	http://datasheet.octopart.com/RC0402JR-0710KL-Yageo-datasheet-505231.pdf	http://datasheet.octopart.com/RC0402JR-0710KL-Yageo-datasheet-62067350.pdf	http://datasheet.octopart.com/RC0402JR-0710KL-Yageo-datasheet-73766026.pdf	http://datasheet.octopart.com/RC0402JR-0710KL-Yageo-datasheet-8324527.pdf	http://datasheet.octopart.com/RC0402JR-0710KL-Yageo-datasheet-8329306.pdf	http://datasheet.octopart.com/RC-Series-Yageo-datasheet-family-20.pdf	http://sigma.octopart.com/138820526/technical_drawing/Yageo-RC0402JR-0710KL.pdf																				
SMD Chip Resistor, 5.1 Ohm, ± 5%, 63 mW, 0402 [1005 Metric], Thick Film, General Purpose	YAGEO/RC0402JR-075R1L	Yageo	RC0402JR-075R1L	Mouser	603-RC0402JR-075R1L	R2,R3	2	100	0.0069	0.6900		Surface mount	http://datasheet.octopart.com/RC0402JR-075R1L-Yageo-datasheet-103092701.pdf	http://datasheet.octopart.com/RC0402JR-075R1L-Yageo-datasheet-10408619.pdf	http://datasheet.octopart.com/RC0402JR-075R1L-Yageo-datasheet-12531192.pdf	http://datasheet.octopart.com/RC0402JR-075R1L-Yageo-datasheet-127823281.pdf	http://datasheet.octopart.com/RC0402JR-075R1L-Yageo-datasheet-137700087.pdf	http://datasheet.octopart.com/RC0402JR-075R1L-Yageo-datasheet-62067350.pdf	http://datasheet.octopart.com/RC0402JR-075R1L-Yageo-datasheet-73766026.pdf	http://datasheet.octopart.com/RC0402JR-075R1L-Yageo-datasheet-8324255.pdf	http://datasheet.octopart.com/RC0402JR-075R1L-Yageo-datasheet-8324527.pdf	http://datasheet.octopart.com/RC0402JR-075R1L-Yageo-datasheet-8329306.pdf																					
SMD Chip Resistor, 698 Ohm, ± 1%, 125 mW, 0805 [2012 Metric], Thick Film, General Purpose	YAGEO/RC0805FR-07698RL	Yageo	RC0805FR-07698RL	Mouser	603-RC0805FR-07698RL	R11	1	100	0.0104	1.0350		Surface mount																															
SMD Chip Resistor, 330 Ohm, ± 1%, 125 mW, 0805 [2012 Metric], Thick Film, General Purpose	YAGEO/RC0805FR-13330RL	Yageo	RC0805FR-13330RL	Digi-Key	13-RC0805FR-13330RLCT-ND	R10	1	100	0.0146	1.4605		Surface mount																															
Res Thin Film 0402 100K Ohm 0.1% 1/16W ±50ppm/°C Molded SMD Paper T/R	YAGEO/RT0402BRE07100KL	Yageo	RT0402BRE07100KL	Mouser	603-RT0402BRE07100KL	R24,R25	2	100	0.0920	9.2000		Surface mount	http://datasheet.octopart.com/RT0402BRE07100KL-Yageo-datasheet-10915759.pdf	http://datasheet.octopart.com/RT0402BRE07100KL-Yageo-datasheet-120102479.pdf	http://datasheet.octopart.com/RT0402BRE07100KL-Yageo-datasheet-12594463.pdf	http://datasheet.octopart.com/RT0402BRE07100KL-Yageo-datasheet-136673517.pdf	http://datasheet.octopart.com/RT0402BRE07100KL-Yageo-datasheet-137700928.pdf	http://datasheet.octopart.com/RT0402BRE07100KL-Yageo-datasheet-137700930.pdf	http://datasheet.octopart.com/RT0402BRE07100KL-Yageo-datasheet-34924148.pdf	http://datasheet.octopart.com/RT0402BRE07100KL-Yageo-datasheet-8324589.pdf	http://datasheet.octopart.com/RT0402BRE07100KL-Yageo-datasheet-86813807.pdf	http://datasheet.octopart.com/RT0402BRE07100KL-Yageo-datasheet-96443642.pdf	http://sigma.octopart.com/138820526/technical_drawing/Yageo-RT0402BRE07100KL.pdf																				
