timestamp,calib_mag,calib_accel,calib_gyro,calib_sys,lacc_x,lacc_y,lacc_z,gyro_x,gyro_y,gyro_z,quat_w,quat_x,quat_y,quat_z
1721755284.84,0,0,0,0,0.0000,0.0000,0.0000,0.0000,0.0000,0.0000,0.00000000000000,0.00000000000000,0.00000000000000,0.00000000000000
1721755284.84,0,0,0,0,0.0000,0.0000,0.0000,0.0000,-0.1875,0.1250,0.00000000000000,0.00000000000000,0.00000000000000,0.00000000000000
1721755284.87,0,0,0,0,0.0000,0.0000,0.0000,-0.1875,0.2500,-0.1250,0.00000000000000,0.00000000000000,0.00000000000000,0.00000000000000
1721755284.87,0,0,0,0,0.0000,0.0000,0.0000,0.0000,-0.0625,0.0000,0.00000000000000,0.00000000000000,0.00000000000000,0.00000000000000
1721755284.88,0,0,0,0,0.0000,0.0000,0.0000,0.0625,-0.2500,0.0625,0.00000000000000,0.00000000000000,0.00000000000000,0.00000000000000
1721755284.89,0,0,0,0,0.0000,0.0000,0.0000,0.0000,-0.1250,0.0000,0.00000000000000,0.00000000000000,0.00000000000000,0.00000000000000
1721755284.90,0,0,0,0,0.4800,1.7900,-0.6800,-0.1875,0.5000,0.0000,1.00000000000000,0.00006103515625,0.00000000000000,0.00000000000000
1721755284.91,0,0,0,0,0.4900,1.7700,-0.6800,0.0000,0.0625,-0.0625,1.00000000000000,0.00006103515625,0.00000000000000,0.00000000000000
1721755284.92,0,0,0,0,0.5000,1.7900,-0.6800,0.1875,-0.2500,0.0000,1.00000000000000,0.00006103515625,0.00000000000000,0.00000000000000
1721755284.93,0,0,0,0,0.4900,1.7900,-0.6600,0.0000,-0.0625,0.0000,1.00000000000000,0.00006103515625,0.00000000000000,0.00000000000000
1721755284.94,0,0,0,0,0.5000,1.7800,-0.6700,-0.0625,0.1875,-0.1875,1.00000000000000,0.00012207031250,0.00000000000000,0.00000000000000
1721755284.95,0,0,0,0,-0.0300,-0.0900,-0.4900,0.0000,-0.0625,0.0000,0.99499511718750,0.09649658203125,-0.02673339843750,0.00000000000000
1721755284.96,0,0,0,0,-0.0100,-0.0700,-0.4700,0.0625,-0.0625,0.0000,0.99499511718750,0.09655761718750,-0.02673339843750,0.00000000000000
1721755284.97,0,0,0,0,0.0000,-0.1100,-0.4700,0.0000,0.0000,0.0000,0.99499511718750,0.09655761718750,-0.02673339843750,0.00000000000000
1721755284.98,0,0,0,0,-0.0100,-0.0900,-0.4700,-0.0625,0.1250,0.0000,0.99499511718750,0.09655761718750,-0.02673339843750,0.00000000000000
1721755284.99,0,0,0,0,-0.0100,-0.0900,-0.4800,0.0000,0.0000,0.0000,0.99499511718750,0.09661865234375,-0.02673339843750,0.00000000000000
1721755285.00,0,0,0,0,-0.0100,-0.1000,-0.5000,0.1250,-0.2500,0.0000,0.99493408203125,0.09661865234375,-0.02673339843750,0.00000000000000
1721755285.01,0,0,0,0,-0.0200,-0.1100,-0.5000,0.0000,0.0625,0.0000,0.99493408203125,0.09661865234375,-0.02673339843750,0.00000000000000
1721755285.02,0,0,0,0,-0.0300,-0.0900,-0.4900,-0.0625,0.0000,0.0000,0.99493408203125,0.09661865234375,-0.02673339843750,0.00000000000000
1721755285.03,0,0,0,0,-0.0300,-0.1100,-0.5100,0.0625,0.0000,0.0000,0.99493408203125,0.09667968750000,-0.02673339843750,0.00000000000000
1721755285.04,0,0,0,0,-0.0100,-0.1000,-0.4700,0.0625,-0.0625,0.0625,0.99493408203125,0.09667968750000,-0.02673339843750,0.00000000000000
1721755285.05,0,0,0,0,0.0000,-0.1000,-0.4600,0.0000,0.0000,0.0000,0.99493408203125,0.09667968750000,-0.02679443359375,0.00000000000000
1721755285.06,0,0,0,0,-0.0200,-0.1100,-0.4900,0.0000,0.0625,0.0000,0.99493408203125,0.09667968750000,-0.02679443359375,0.00000000000000
1721755285.07,0,0,0,0,-0.0100,-0.1200,-0.4700,0.0000,0.0000,0.0000,0.99493408203125,0.09674072265625,-0.02679443359375,0.00000000000000
1721755285.08,0,0,0,0,-0.0100,-0.1200,-0.4900,0.0000,0.0000,0.0625,0.99493408203125,0.09674072265625,-0.02679443359375,0.00000000000000
1721755285.09,0,0,0,0,-0.0100,-0.0800,-0.4700,0.0000,0.1875,0.0625,0.99493408203125,0.09674072265625,-0.02679443359375,0.00000000000000
1721755285.10,0,0,0,0,-0.0200,-0.1100,-0.4800,0.0000,0.0625,0.0000,0.99493408203125,0.09674072265625,-0.02679443359375,0.00000000000000
1721755285.11,0,0,0,0,-0.0300,-0.1100,-0.5000,0.0000,0.0000,0.0000,0.99493408203125,0.09674072265625,-0.02679443359375,0.00000000000000
1721755285.12,0,0,0,0,-0.0200,-0.1000,-0.4800,0.0000,0.0000,0.0000,0.99493408203125,0.09680175781250,-0.02679443359375,0.00000000000000
1721755285.13,0,0,0,0,-0.0200,-0.0900,-0.4800,0.0625,-0.0625,0.0000,0.99493408203125,0.09680175781250,-0.02679443359375,0.00000000000000
1721755285.14,0,0,0,0,-0.0500,-0.1100,-0.4900,-0.0625,0.0000,-0.0625,0.99493408203125,0.09680175781250,-0.02679443359375,0.00000000000000
1721755285.15,0,0,0,0,-0.0200,-0.0800,-0.4800,0.0000,0.1875,0.0625,0.99493408203125,0.09680175781250,-0.02679443359375,0.00000000000000
1721755285.16,0,0,0,0,-0.0200,-0.1100,-0.4700,0.0625,0.0000,0.0000,0.99493408203125,0.09680175781250,-0.02679443359375,0.00000000000000
1721755285.17,0,0,0,0,-0.0400,-0.1200,-0.5100,0.0000,0.0000,0.0000,0.99493408203125,0.09680175781250,-0.02679443359375,0.00000000000000
1721755285.19,0,0,0,0,-0.0400,-0.0800,-0.4800,-0.1875,0.0625,0.0000,0.99493408203125,0.09686279296875,-0.02679443359375,0.00000000000000
1721755285.19,0,0,0,0,-0.0300,-0.1100,-0.4700,0.1250,0.0000,0.0000,0.99493408203125,0.09686279296875,-0.02679443359375,0.00000000000000
1721755285.20,0,0,0,0,-0.0400,-0.1100,-0.4800,0.0000,0.0000,0.0000,0.99493408203125,0.09686279296875,-0.02679443359375,0.00000000000000
1721755285.21,0,0,0,0,-0.0200,-0.0800,-0.4900,-0.0625,0.0625,0.0000,0.99493408203125,0.09686279296875,-0.02679443359375,0.00000000000000
1721755285.22,0,0,0,0,-0.0300,-0.1100,-0.4800,0.0000,-0.0625,-0.0625,0.99493408203125,0.09686279296875,-0.02679443359375,0.00000000000000
1721755285.23,0,0,0,0,-0.0100,-0.1100,-0.4700,-0.1250,0.0000,0.0000,0.99493408203125,0.09686279296875,-0.02679443359375,0.00000000000000
1721755285.24,0,0,0,0,0.0000,-0.1000,-0.4700,0.0000,-0.0625,0.0000,0.99493408203125,0.09692382812500,-0.02685546875000,0.00000000000000
1721755285.25,0,0,0,0,-0.0300,-0.1100,-0.4900,0.0000,-0.0625,0.0000,0.99493408203125,0.09692382812500,-0.02685546875000,0.00000000000000
1721755285.26,0,0,0,0,-0.0400,-0.0900,-0.5000,-0.0625,0.0000,0.1250,0.99493408203125,0.09692382812500,-0.02685546875000,0.00000000000000
1721755285.27,0,0,0,0,-0.0400,-0.0900,-0.4900,0.0000,0.0000,0.0000,0.99493408203125,0.09692382812500,-0.02685546875000,0.00000000000000
1721755285.28,0,0,0,0,-0.0300,-0.1200,-0.5100,0.0000,0.0000,0.0000,0.99493408203125,0.09692382812500,-0.02685546875000,0.00000000000000
1721755285.29,0,0,0,0,0.0000,-0.1100,-0.4500,-0.0625,0.1250,0.0000,0.99493408203125,0.09692382812500,-0.02685546875000,0.00000000000000
1721755285.30,0,0,0,0,-0.0400,-0.1200,-0.5000,0.0000,0.1875,-0.0625,0.99493408203125,0.09692382812500,-0.02685546875000,0.00000000000000
1721755285.31,0,0,0,0,-0.0300,-0.1100,-0.5000,-0.0625,0.0625,0.0000,0.99493408203125,0.09698486328125,-0.02685546875000,0.00000000000000
1721755285.32,0,0,0,0,-0.0300,-0.1100,-0.4700,-0.1250,0.1250,0.0000,0.99493408203125,0.09698486328125,-0.02685546875000,0.00000000000000
1721755285.33,0,0,0,0,-0.0200,-0.1100,-0.5000,0.0625,0.1250,0.0000,0.99493408203125,0.09698486328125,-0.02685546875000,0.00000000000000
1721755285.34,0,0,0,0,-0.0300,-0.1100,-0.4600,0.0000,0.0000,0.0000,0.99493408203125,0.09698486328125,-0.02685546875000,0.00000000000000
1721755285.35,0,0,0,0,0.0000,-0.1000,-0.4600,0.0000,0.0000,0.0000,0.99493408203125,0.09698486328125,-0.02685546875000,0.00000000000000
1721755285.36,0,0,0,0,-0.0400,-0.1100,-0.4900,0.0000,0.0000,0.0000,0.99493408203125,0.09698486328125,-0.02685546875000,0.00000000000000
1721755285.37,0,0,0,0,-0.0200,-0.1100,-0.4700,0.0000,0.0000,0.0000,0.99493408203125,0.09698486328125,-0.02685546875000,0.00000000000000
1721755285.38,0,0,0,0,-0.0300,-0.1200,-0.4900,-0.0625,0.0000,0.0000,0.99493408203125,0.09698486328125,-0.02685546875000,0.00000000000000
1721755285.39,0,0,0,0,-0.0300,-0.1100,-0.4800,0.0000,-0.1250,0.0000,0.99493408203125,0.09698486328125,-0.02685546875000,0.00000000000000
1721755285.40,0,0,0,0,-0.0400,-0.1200,-0.4800,0.0000,0.0000,0.1250,0.99493408203125,0.09704589843750,-0.02685546875000,0.00000000000000
1721755285.41,0,0,0,0,-0.0200,-0.0900,-0.4900,0.0000,0.0625,0.0000,0.99493408203125,0.09704589843750,-0.02685546875000,0.00000000000000
1721755285.42,0,0,0,0,-0.0200,-0.0900,-0.4700,0.0000,0.0000,0.0000,0.99493408203125,0.09704589843750,-0.02685546875000,0.00000000000000
1721755285.43,0,0,0,0,-0.0200,-0.1200,-0.4700,0.0000,-0.1250,0.0000,0.99493408203125,0.09704589843750,-0.02685546875000,0.00000000000000
1721755285.44,0,0,0,0,-0.0200,-0.1300,-0.4600,0.0000,0.0625,0.0000,0.99493408203125,0.09704589843750,-0.02685546875000,0.00000000000000
1721755285.45,0,0,0,0,-0.0300,-0.1100,-0.4500,-0.1250,0.0000,0.0000,0.99493408203125,0.09704589843750,-0.02685546875000,0.00000000000000
1721755285.46,0,0,0,0,-0.0300,-0.0900,-0.5000,0.0000,0.0000,0.0000,0.99493408203125,0.09704589843750,-0.02685546875000,0.00000000000000
1721755285.47,0,0,0,0,-0.0300,-0.1100,-0.5000,0.0000,0.0000,0.0000,0.99493408203125,0.09704589843750,-0.02685546875000,0.00000000000000
1721755285.48,0,0,0,0,-0.0400,-0.1200,-0.4700,0.0000,-0.0625,0.0000,0.99493408203125,0.09704589843750,-0.02685546875000,0.00000000000000
1721755285.49,0,0,0,0,-0.0200,-0.1200,-0.5000,0.0000,0.0625,-0.1250,0.99493408203125,0.09704589843750,-0.02685546875000,0.00000000000000
1721755285.50,0,0,0,0,-0.0200,-0.0900,-0.4900,-0.0625,0.0000,0.0000,0.99493408203125,0.09704589843750,-0.02685546875000,0.00000000000000
1721755285.51,0,0,0,0,-0.0200,-0.0800,-0.5000,0.0000,0.1250,0.0000,0.99493408203125,0.09710693359375,-0.02685546875000,0.00000000000000
1721755285.52,0,0,0,0,-0.0400,-0.1000,-0.4600,0.0000,0.0000,-0.0625,0.99493408203125,0.09710693359375,-0.02685546875000,0.00000000000000
1721755285.53,0,0,0,0,-0.0500,-0.1100,-0.5000,0.0000,0.0000,0.0000,0.99493408203125,0.09710693359375,-0.02685546875000,0.00000000000000
1721755285.54,0,0,1,0,-0.0200,-0.0900,-0.4700,0.0000,0.1250,0.0000,0.99493408203125,0.09710693359375,-0.02685546875000,0.00000000000000
1721755285.55,0,0,1,0,-0.0300,-0.1000,-0.5000,0.0000,0.0000,0.0000,0.99493408203125,0.09710693359375,-0.02685546875000,0.00000000000000
1721755285.56,0,0,1,0,-0.0200,-0.1100,-0.4700,0.0000,0.0000,0.0000,0.99493408203125,0.09710693359375,-0.02691650390625,0.00000000000000
1721755285.57,0,0,1,0,-0.0200,-0.0900,-0.4900,0.0000,-0.1250,0.0000,0.99493408203125,0.09710693359375,-0.02691650390625,0.00000000000000
1721755285.58,0,0,1,0,-0.0200,-0.0900,-0.4700,0.0000,0.0000,0.0000,0.99493408203125,0.09710693359375,-0.02691650390625,0.00000000000000
1721755285.59,0,0,1,0,-0.0500,-0.1100,-0.4800,0.0000,-0.0625,0.0000,0.99493408203125,0.09710693359375,-0.02691650390625,0.00000000000000
1721755285.60,0,0,1,0,-0.0300,-0.1200,-0.4800,0.0000,0.0000,0.0000,0.99493408203125,0.09710693359375,-0.02691650390625,0.00000000000000
1721755285.61,0,0,1,0,-0.0200,-0.1100,-0.4900,0.0000,0.0000,0.0000,0.99493408203125,0.09710693359375,-0.02691650390625,0.00000000000000
1721755285.62,0,0,1,0,-0.0300,-0.1000,-0.4800,0.0000,-0.0625,0.0000,0.99493408203125,0.09710693359375,-0.02691650390625,0.00000000000000
1721755285.63,0,0,1,0,-0.0500,-0.1000,-0.4900,0.0000,-0.0625,0.0000,0.99493408203125,0.09710693359375,-0.02691650390625,0.00000000000000
1721755285.64,0,0,1,0,-0.0300,-0.0800,-0.4400,0.0000,0.0000,0.0000,0.99493408203125,0.09710693359375,-0.02691650390625,0.00000000000000
1721755285.65,0,0,1,0,-0.0300,-0.1000,-0.4800,0.0000,-0.0625,0.0000,0.99493408203125,0.09716796875000,-0.02691650390625,0.00000000000000
1721755285.66,0,0,1,0,-0.0400,-0.1100,-0.4900,0.0000,0.0000,0.0000,0.99493408203125,0.09716796875000,-0.02691650390625,0.00000000000000
1721755285.67,0,0,1,0,-0.0200,-0.1100,-0.4900,-0.0625,0.0000,0.0000,0.99493408203125,0.09716796875000,-0.02691650390625,0.00000000000000
1721755285.68,0,0,1,0,-0.0500,-0.1100,-0.4800,0.0000,-0.0625,0.0000,0.99493408203125,0.09716796875000,-0.02691650390625,0.00000000000000
1721755285.69,0,0,1,0,-0.0400,-0.1000,-0.4900,0.0000,0.0000,0.0000,0.99493408203125,0.09716796875000,-0.02691650390625,0.00000000000000
1721755285.70,0,0,1,0,-0.0400,-0.1000,-0.4800,-0.0625,-0.0625,0.0000,0.99493408203125,0.09716796875000,-0.02691650390625,0.00000000000000
1721755285.71,0,0,1,0,-0.0400,-0.1100,-0.4800,0.0000,-0.0625,0.0000,0.99493408203125,0.09716796875000,-0.02691650390625,0.00000000000000
1721755285.72,0,0,1,0,-0.0400,-0.1000,-0.4700,0.0000,0.0000,0.0000,0.99493408203125,0.09716796875000,-0.02691650390625,0.00000000000000
1721755285.73,0,1,1,0,-0.0100,-0.1100,-0.4800,0.0000,-0.0625,0.0000,0.99493408203125,0.09716796875000,-0.02691650390625,0.00000000000000
1721755285.74,0,1,1,0,-0.0500,-0.0900,-0.4900,0.0000,-0.0625,0.0000,0.99493408203125,0.09716796875000,-0.02691650390625,0.00000000000000
1721755285.75,0,1,1,0,-0.0300,-0.1000,-0.4800,0.0000,0.0000,0.0000,0.99493408203125,0.09716796875000,-0.02691650390625,0.00000000000000
1721755285.76,0,1,1,0,-0.0200,-0.1100,-0.4700,0.0000,-0.1875,0.0000,0.99493408203125,0.09716796875000,-0.02691650390625,0.00000000000000
1721755285.77,0,1,1,0,-0.0400,-0.1000,-0.4900,0.0000,0.0000,0.0000,0.99493408203125,0.09716796875000,-0.02691650390625,0.00000000000000
1721755285.78,0,1,1,0,-0.0300,-0.1100,-0.4600,-0.1250,0.0000,0.0000,0.99493408203125,0.09716796875000,-0.02691650390625,0.00000000000000
1721755285.79,0,1,1,0,-0.0200,-0.1000,-0.4500,0.0000,0.0000,0.0000,0.99493408203125,0.09716796875000,-0.02691650390625,0.00000000000000
1721755285.80,0,1,1,0,-0.0200,-0.1200,-0.4600,0.0000,-0.0625,0.0000,0.99487304687500,0.09716796875000,-0.02691650390625,0.00000000000000
1721755285.81,0,1,1,0,-0.0400,-0.1000,-0.4800,0.0000,0.0000,0.0625,0.99487304687500,0.09716796875000,-0.02691650390625,0.00000000000000
1721755285.82,0,1,1,0,-0.0300,-0.1200,-0.4800,0.0000,0.0000,-0.0625,0.99487304687500,0.09716796875000,-0.02691650390625,0.00000000000000
1721755285.83,0,1,1,0,-0.0400,-0.1100,-0.4700,-0.0625,0.0000,0.0000,0.99487304687500,0.09716796875000,-0.02691650390625,0.00000000000000
1721755285.84,0,1,1,0,-0.0500,-0.1100,-0.4700,0.0000,-0.0625,0.0000,0.99487304687500,0.09716796875000,-0.02691650390625,0.00000000000000
1721755285.85,0,1,1,0,-0.0400,-0.1100,-0.4900,0.0000,0.0000,-0.0625,0.99487304687500,0.09716796875000,-0.02691650390625,0.00000000000000
1721755285.86,0,1,1,0,-0.0300,-0.0900,-0.4600,0.0000,0.0000,0.0000,0.99487304687500,0.09716796875000,-0.02691650390625,0.00000000000000
1721755285.87,0,1,1,0,-0.0200,-0.1000,-0.4900,0.0000,0.0000,0.0000,0.99487304687500,0.09716796875000,-0.02691650390625,0.00000000000000
1721755285.88,0,1,1,0,-0.0400,-0.1000,-0.4900,0.0000,0.0000,0.0000,0.99487304687500,0.09716796875000,-0.02691650390625,0.00000000000000
1721755285.89,0,1,1,0,-0.0200,-0.1000,-0.4600,-0.0625,0.0625,0.1250,0.99487304687500,0.09716796875000,-0.02691650390625,0.00000000000000
1721755285.90,0,1,1,0,-0.0300,-0.1200,-0.4700,0.0000,-0.0625,0.0000,0.99487304687500,0.09716796875000,-0.02691650390625,0.00000000000000
1721755285.91,0,1,1,0,-0.0200,-0.1100,-0.4700,0.0000,0.0000,0.0000,0.99487304687500,0.09716796875000,-0.02691650390625,0.00000000000000
1721755285.92,0,1,1,0,-0.0100,-0.1200,-0.4700,0.0000,0.0625,0.0625,0.99487304687500,0.09716796875000,-0.02691650390625,0.00000000000000
1721755285.93,0,1,1,0,-0.0300,-0.1100,-0.4800,0.0000,0.0000,-0.0625,0.99487304687500,0.09716796875000,-0.02691650390625,0.00000000000000
1721755285.94,0,1,1,0,0.0000,-0.1300,-0.4500,0.0000,0.0000,0.0000,0.99487304687500,0.09716796875000,-0.02691650390625,0.00000000000000
1721755285.95,0,1,1,0,-0.0300,-0.1200,-0.4500,-0.1250,0.0000,0.0000,0.99487304687500,0.09716796875000,-0.02691650390625,0.00000000000000
1721755285.96,0,1,1,0,-0.0200,-0.1100,-0.4900,0.0000,0.0000,0.0000,0.99487304687500,0.09716796875000,-0.02691650390625,0.00000000000000
1721755285.97,0,1,1,0,-0.0100,-0.1000,-0.4800,0.0000,0.0625,0.0625,0.99487304687500,0.09722900390625,-0.02691650390625,0.00000000000000
1721755285.98,0,1,1,0,-0.0200,-0.1000,-0.4800,-0.0625,0.0000,0.0000,0.99487304687500,0.09722900390625,-0.02691650390625,0.00000000000000
1721755285.99,0,1,1,0,-0.0300,-0.1300,-0.4800,0.0000,0.1875,-0.0625,0.99487304687500,0.09722900390625,-0.02691650390625,0.00000000000000
1721755286.00,0,1,1,0,-0.0200,-0.1100,-0.4400,-0.0625,0.0000,0.0000,0.99487304687500,0.09722900390625,-0.02691650390625,0.00000000000000
1721755286.01,0,1,1,0,-0.0300,-0.1000,-0.5000,0.0625,0.0000,0.0000,0.99487304687500,0.09722900390625,-0.02691650390625,0.00000000000000
1721755286.02,0,1,1,0,-0.0200,-0.1000,-0.5100,0.0000,0.0000,-0.0625,0.99487304687500,0.09722900390625,-0.02691650390625,0.00000000000000
1721755286.03,0,1,1,0,-0.0200,-0.1100,-0.4600,-0.0625,0.0000,0.0625,0.99487304687500,0.09722900390625,-0.02691650390625,0.00000000000000
1721755286.04,0,1,2,0,-0.0400,-0.1200,-0.5000,0.0000,-0.1250,0.0000,0.99487304687500,0.09722900390625,-0.02691650390625,0.00000000000000
1721755286.05,0,1,2,0,-0.0200,-0.1100,-0.4800,0.0625,0.0000,0.0625,0.99487304687500,0.09722900390625,-0.02691650390625,0.00000000000000
1721755286.06,0,1,2,0,-0.0300,-0.1000,-0.4700,0.0000,0.0000,0.0000,0.99487304687500,0.09722900390625,-0.02691650390625,0.00000000000000
1721755286.07,0,1,2,0,-0.0200,-0.1000,-0.4800,0.0000,-0.1250,-0.0625,0.99487304687500,0.09722900390625,-0.02691650390625,0.00000000000000
1721755286.08,0,1,2,0,-0.0400,-0.1000,-0.4900,0.0000,-0.1250,0.0000,0.99487304687500,0.09722900390625,-0.02691650390625,0.00000000000000
1721755286.09,0,1,2,0,-0.0200,-0.1100,-0.4800,0.0000,0.0000,0.0000,0.99487304687500,0.09722900390625,-0.02691650390625,0.00000000000000
1721755286.10,0,1,2,0,-0.0400,-0.1300,-0.5000,0.0625,0.0000,0.0000,0.99487304687500,0.09722900390625,-0.02691650390625,0.00000000000000
1721755286.11,0,1,2,0,-0.0300,-0.1200,-0.4700,0.0000,0.0000,0.0000,0.99487304687500,0.09722900390625,-0.02691650390625,0.00000000000000
1721755286.12,0,1,2,0,-0.0400,-0.1200,-0.4500,0.0000,0.0000,0.0000,0.99487304687500,0.09722900390625,-0.02691650390625,0.00000000000000
1721755286.13,0,1,2,0,-0.0200,-0.0900,-0.4800,0.0000,0.0625,0.0625,0.99487304687500,0.09722900390625,-0.02691650390625,0.00000000000000
1721755286.14,0,1,2,0,-0.0100,-0.1200,-0.4700,0.0000,0.0625,0.0000,0.99487304687500,0.09722900390625,-0.02691650390625,0.00000000000000
1721755286.15,0,1,2,0,-0.0200,-0.1100,-0.4600,0.0000,-0.0625,-0.0625,0.99487304687500,0.09722900390625,-0.02691650390625,0.00000000000000
1721755286.16,0,1,2,0,-0.0300,-0.1100,-0.4900,-0.0625,0.0000,0.0000,0.99487304687500,0.09722900390625,-0.02691650390625,0.00000000000000
1721755286.17,0,1,2,0,-0.0100,-0.1400,-0.5000,-0.0625,0.0000,0.0000,0.99487304687500,0.09722900390625,-0.02691650390625,0.00000000000000
1721755286.18,0,1,2,0,-0.0200,-0.1000,-0.4700,0.0625,0.0000,0.0000,0.99487304687500,0.09722900390625,-0.02691650390625,0.00000000000000
1721755286.19,0,1,2,0,-0.0200,-0.1100,-0.4600,0.0000,0.0625,0.0625,0.99487304687500,0.09722900390625,-0.02691650390625,0.00000000000000
1721755286.20,0,1,2,0,-0.0300,-0.1200,-0.4500,0.0000,0.0000,0.0000,0.99487304687500,0.09722900390625,-0.02691650390625,0.00000000000000
1721755286.21,0,1,2,0,-0.0200,-0.1000,-0.5000,0.0000,0.0000,-0.0625,0.99487304687500,0.09722900390625,-0.02691650390625,0.00000000000000
1721755286.22,0,1,2,0,-0.0400,-0.1100,-0.4700,0.0000,0.0000,0.0000,0.99487304687500,0.09722900390625,-0.02691650390625,0.00000000000000
1721755286.23,0,1,2,0,-0.0200,-0.1100,-0.4700,0.0000,0.0000,0.0000,0.99487304687500,0.09722900390625,-0.02691650390625,0.00000000000000
1721755286.24,0,1,2,0,-0.0400,-0.1200,-0.4800,0.0000,-0.0625,-0.0625,0.99487304687500,0.09722900390625,-0.02691650390625,0.00000000000000
1721755286.25,0,1,2,0,-0.0100,-0.1000,-0.4600,-0.0625,0.0000,0.0000,0.99487304687500,0.09722900390625,-0.02691650390625,0.00000000000000
1721755286.26,0,1,2,0,-0.0400,-0.0900,-0.4700,0.0000,-0.0625,0.0000,0.99487304687500,0.09722900390625,-0.02691650390625,0.00000000000000
1721755286.27,0,1,2,0,-0.0400,-0.1000,-0.4800,-0.0625,0.0000,0.0625,0.99487304687500,0.09722900390625,-0.02691650390625,0.00000000000000
1721755286.28,0,1,2,0,-0.0300,-0.0900,-0.4800,0.0000,0.0000,0.0000,0.99487304687500,0.09722900390625,-0.02691650390625,0.00000000000000
1721755286.29,0,1,2,0,-0.0400,-0.1100,-0.4800,0.0000,-0.1250,0.0000,0.99487304687500,0.09722900390625,-0.02691650390625,0.00000000000000
1721755286.30,0,1,2,0,-0.0300,-0.1200,-0.4600,0.0000,-0.0625,0.0000,0.99487304687500,0.09722900390625,-0.02691650390625,0.00000000000000
1721755286.31,0,1,2,0,-0.0200,-0.1100,-0.4800,0.0000,-0.0625,0.0000,0.99487304687500,0.09722900390625,-0.02691650390625,0.00000000000000
1721755286.32,0,1,2,0,-0.0300,-0.1100,-0.4900,0.0000,-0.1250,0.0000,0.99487304687500,0.09722900390625,-0.02691650390625,0.00000000000000
1721755286.33,0,1,2,0,-0.0100,-0.1200,-0.4700,0.0000,0.0000,0.0000,0.99487304687500,0.09722900390625,-0.02691650390625,0.00000000000000
1721755286.34,0,1,2,0,-0.0300,-0.1300,-0.4600,0.0000,0.0000,0.0000,0.99487304687500,0.09722900390625,-0.02691650390625,0.00000000000000
1721755286.35,0,1,2,0,-0.0500,-0.1200,-0.4900,-0.0625,0.0000,0.0000,0.99487304687500,0.09722900390625,-0.02691650390625,0.00000000000000
1721755286.36,0,1,2,0,-0.0200,-0.1100,-0.4500,0.0000,-0.1875,0.0625,0.99487304687500,0.09722900390625,-0.02691650390625,0.00000000000000
1721755286.37,0,1,2,0,-0.0500,-0.1000,-0.4800,0.0000,-0.1250,0.0000,0.99487304687500,0.09722900390625,-0.02691650390625,0.00000000000000
1721755286.38,0,1,2,0,-0.0300,-0.1200,-0.4900,0.0000,-0.0625,0.0000,0.99487304687500,0.09722900390625,-0.02691650390625,0.00000000000000
1721755286.39,0,1,2,0,-0.0300,-0.1300,-0.4700,-0.0625,0.0625,0.0625,0.99487304687500,0.09722900390625,-0.02691650390625,0.00000000000000
1721755286.40,0,1,2,0,-0.0500,-0.1300,-0.4800,0.0000,-0.0625,-0.0625,0.99487304687500,0.09722900390625,-0.02691650390625,0.00000000000000
1721755286.41,0,1,2,0,-0.0300,-0.1200,-0.4800,-0.0625,0.0000,0.0000,0.99487304687500,0.09722900390625,-0.02691650390625,0.00000000000000
1721755286.42,0,1,2,0,-0.0300,-0.1000,-0.5000,0.0000,0.0000,0.0625,0.99487304687500,0.09722900390625,-0.02691650390625,0.00000000000000
1721755286.43,0,1,2,0,-0.0400,-0.1200,-0.4800,0.0000,0.0000,-0.0625,0.99487304687500,0.09722900390625,-0.02691650390625,0.00000000000000
1721755286.44,0,1,2,0,-0.0500,-0.1000,-0.4700,-0.1250,0.0625,0.0000,0.99487304687500,0.09722900390625,-0.02691650390625,0.00000000000000
1721755286.45,0,1,2,0,-0.0400,-0.0800,-0.4300,0.0000,0.0000,0.0000,0.99487304687500,0.09722900390625,-0.02691650390625,0.00000000000000
1721755286.46,0,1,2,0,-0.0200,-0.1100,-0.5000,0.0000,-0.0625,0.0000,0.99487304687500,0.09722900390625,-0.02691650390625,0.00000000000000
1721755286.47,0,1,2,0,-0.0200,-0.0800,-0.4700,-0.0625,0.0625,0.0000,0.99487304687500,0.09722900390625,-0.02691650390625,0.00000000000000
1721755286.48,0,1,2,0,-0.0100,-0.0900,-0.4900,-0.0625,0.1250,0.0000,0.99487304687500,0.09722900390625,-0.02691650390625,0.00000000000000
1721755286.49,0,1,2,0,-0.0400,-0.1300,-0.4700,0.0000,0.0625,0.0000,0.99487304687500,0.09722900390625,-0.02691650390625,0.00000000000000
1721755286.50,0,1,2,0,-0.0100,-0.1200,-0.4800,-0.0625,0.0000,0.0625,0.99487304687500,0.09722900390625,-0.02691650390625,0.00000000000000
1721755286.51,0,1,2,0,-0.0300,-0.1100,-0.5300,-0.3125,0.1250,0.0000,0.99487304687500,0.09722900390625,-0.02691650390625,0.00000000000000
1721755286.52,0,1,2,0,-0.0100,-0.0800,-0.5300,-1.5000,1.1875,0.0000,0.99493408203125,0.09710693359375,-0.02679443359375,0.00000000000000
1721755286.53,0,1,2,0,-0.0200,-0.1200,-0.4800,-2.6250,2.4375,0.0000,0.99493408203125,0.09686279296875,-0.02661132812500,0.00000000000000
1721755286.54,0,1,2,0,-0.0300,-0.1600,-0.4200,-2.8750,2.8750,-0.1250,0.99499511718750,0.09661865234375,-0.02636718750000,0.00006103515625
1721755286.55,0,1,2,0,-0.0600,-0.1400,-0.4500,-1.2500,1.3125,-0.1875,0.99499511718750,0.09649658203125,-0.02624511718750,0.00006103515625
1721755286.56,0,1,2,0,-0.0500,-0.1300,-0.5000,0.7500,-1.1875,0.0625,0.99499511718750,0.09655761718750,-0.02630615234375,0.00006103515625
1721755286.57,0,1,2,0,0.0000,-0.0900,-0.4700,0.3750,-0.8125,0.1250,0.99499511718750,0.09655761718750,-0.02642822265625,0.00006103515625
1721755286.58,0,1,2,0,-0.0400,-0.1000,-0.4700,-0.5000,0.8750,-0.0625,0.99499511718750,0.09655761718750,-0.02630615234375,0.00006103515625
1721755286.59,0,1,2,0,-0.0800,-0.1400,-0.4900,-0.0625,0.4375,-0.2500,0.99499511718750,0.09655761718750,-0.02630615234375,0.00006103515625
1721755286.60,0,1,2,0,-0.0600,-0.1200,-0.4700,0.0000,-0.5000,0.1875,0.99499511718750,0.09655761718750,-0.02630615234375,0.00006103515625
1721755286.61,0,1,2,0,0.0000,-0.1000,-0.4700,0.3125,-0.5625,0.1250,0.99499511718750,0.09655761718750,-0.02636718750000,0.00006103515625
1721755286.62,0,1,2,0,-0.0500,-0.1200,-0.4800,-0.0625,0.3125,-0.1875,0.99499511718750,0.09655761718750,-0.02636718750000,0.00006103515625
1721755605.67,0,1,2,0,-0.0500,-0.1200,-0.4800,0.2500,-0.5000,0.0000,0.99499511718750,0.09655761718750,-0.02630615234375,0.00006103515625
1721755605.68,0,1,2,0,-0.0200,-0.1000,-0.4600,0.3125,-0.3125,0.0000,0.99499511718750,0.09655761718750,-0.02630615234375,0.00006103515625
1721755605.69,0,1,2,0,-0.0200,-0.1100,-0.4800,-0.3750,0.5000,0.0000,0.99499511718750,0.09655761718750,-0.02630615234375,0.00006103515625
1721755605.70,0,1,2,0,-0.0800,-0.1100,-0.4700,0.0000,0.0625,-0.2500,0.99499511718750,0.09655761718750,-0.02630615234375,0.00006103515625
1721755605.71,0,1,2,0,-0.0500,-0.1400,-0.4900,0.1250,-0.3125,0.0000,0.99499511718750,0.09655761718750,-0.02630615234375,0.00006103515625
1721755605.72,0,1,2,0,0.0000,-0.0900,-0.4500,0.0625,-0.1875,0.1250,0.99499511718750,0.09655761718750,-0.02630615234375,0.00006103515625
1721755605.73,0,1,2,0,-0.0400,-0.1200,-0.4700,0.0000,0.1250,-0.1875,0.99499511718750,0.09655761718750,-0.02630615234375,0.00006103515625
1721755605.74,0,1,2,0,-0.0500,-0.1300,-0.5000,-0.1250,0.1250,-0.0625,0.99499511718750,0.09655761718750,-0.02630615234375,0.00006103515625
1721755605.75,0,1,2,0,-0.0200,-0.1300,-0.4700,0.0000,-0.2500,0.1250,0.99499511718750,0.09655761718750,-0.02630615234375,0.00006103515625
1721755605.76,0,1,2,0,-0.0200,-0.0900,-0.4800,0.1875,-0.3750,-0.0625,0.99499511718750,0.09655761718750,-0.02630615234375,0.00006103515625
1721755605.77,0,1,2,0,-0.0200,-0.0700,-0.4700,-0.1875,0.0000,-0.0625,0.99499511718750,0.09655761718750,-0.02630615234375,0.00006103515625
1721755605.78,0,1,2,0,-0.0400,-0.1100,-0.4500,-0.0625,0.0000,0.0000,0.99499511718750,0.09655761718750,-0.02630615234375,0.00006103515625
1721755605.79,0,1,2,0,-0.0300,-0.1200,-0.4900,0.1250,-0.1875,0.0000,0.99499511718750,0.09655761718750,-0.02630615234375,0.00006103515625
1721755605.80,0,1,2,0,-0.0200,-0.1000,-0.4600,0.0000,-0.2500,0.1250,0.99499511718750,0.09655761718750,-0.02630615234375,0.00006103515625
1721755605.81,0,1,2,0,-0.0100,-0.1200,-0.4700,-0.1875,0.2500,0.0000,0.99499511718750,0.09655761718750,-0.02630615234375,0.00006103515625
1721755605.82,0,1,2,0,-0.0300,-0.1200,-0.5000,0.0000,0.0000,0.0000,0.99499511718750,0.09655761718750,-0.02630615234375,0.00006103515625
1721755605.83,0,1,2,0,-0.0500,-0.1300,-0.4600,0.0000,-0.0625,0.0000,0.99499511718750,0.09655761718750,-0.02630615234375,0.00006103515625
1721755605.84,0,1,2,0,-0.0200,-0.1100,-0.4800,0.0000,0.0000,0.0000,0.99499511718750,0.09655761718750,-0.02630615234375,0.00006103515625
1721755605.85,0,1,2,0,-0.0300,-0.1200,-0.4700,-0.0625,0.1250,0.0000,0.99499511718750,0.09655761718750,-0.02630615234375,0.00006103515625
1721755605.86,0,1,2,0,-0.0400,-0.1000,-0.4800,0.0000,0.0625,0.0000,0.99499511718750,0.09655761718750,-0.02630615234375,0.00006103515625
1721755605.87,0,1,2,0,-0.0300,-0.1000,-0.4900,0.0625,-0.1875,0.0000,0.99499511718750,0.09655761718750,-0.02630615234375,0.00006103515625
1721755605.88,0,1,2,0,-0.0300,-0.1100,-0.4800,0.0000,0.0000,0.0000,0.99499511718750,0.09655761718750,-0.02630615234375,0.00006103515625
1721755605.89,0,1,2,0,-0.0400,-0.0800,-0.4600,0.0000,0.2500,0.0000,0.99499511718750,0.09655761718750,-0.02630615234375,0.00006103515625
1721755605.90,0,1,2,0,-0.0200,-0.1400,-0.4700,0.0000,-0.1250,0.0000,0.99499511718750,0.09655761718750,-0.02630615234375,0.00006103515625
1721755605.91,0,1,2,0,-0.0300,-0.1300,-0.5000,0.0000,-0.0625,0.0000,0.99499511718750,0.09655761718750,-0.02630615234375,0.00006103515625
1721755605.92,0,1,2,0,-0.0200,-0.0900,-0.4900,0.0000,0.0000,-0.0625,0.99499511718750,0.09655761718750,-0.02630615234375,0.00006103515625
1721755605.93,0,1,2,0,-0.0400,-0.1200,-0.5000,0.0000,0.0000,0.0000,0.99499511718750,0.09655761718750,-0.02630615234375,0.00006103515625
1721755605.94,0,1,2,0,-0.0200,-0.1000,-0.4900,-0.0625,0.0000,0.0000,0.99499511718750,0.09655761718750,-0.02630615234375,0.00006103515625
1721755605.95,0,1,2,0,-0.0100,-0.1100,-0.4500,0.0625,-0.1250,0.0000,0.99499511718750,0.09655761718750,-0.02630615234375,0.00006103515625
1721755605.96,0,1,2,0,-0.0300,-0.1200,-0.4800,0.0000,0.0000,0.0000,0.99499511718750,0.09655761718750,-0.02630615234375,0.00006103515625
1721755605.97,0,1,2,0,-0.0200,-0.1200,-0.4800,0.0000,0.0625,0.0000,0.99499511718750,0.09655761718750,-0.02630615234375,0.00006103515625
1721755605.98,0,1,2,0,-0.0300,-0.1300,-0.4700,0.0000,-0.0625,-0.0625,0.99499511718750,0.09655761718750,-0.02630615234375,0.00006103515625
1721755605.99,0,1,2,0,-0.0200,-0.1100,-0.4800,0.0000,-0.0625,0.0000,0.99499511718750,0.09655761718750,-0.02630615234375,0.00006103515625
1721755606.00,0,1,2,0,-0.0200,-0.0900,-0.4800,0.0000,0.0000,0.0000,0.99499511718750,0.09655761718750,-0.02630615234375,0.00006103515625
1721755606.01,0,1,2,0,-0.0200,-0.1100,-0.4900,0.0000,0.0625,0.0000,0.99499511718750,0.09655761718750,-0.02630615234375,0.00006103515625
1721755606.02,0,1,2,0,-0.0300,-0.1000,-0.4900,0.0000,0.0000,0.0000,0.99499511718750,0.09655761718750,-0.02630615234375,0.00006103515625
1721755606.03,0,1,2,0,0.0000,-0.1100,-0.4800,0.0000,0.0000,-0.0625,0.99499511718750,0.09655761718750,-0.02630615234375,0.00006103515625
1721755606.04,0,1,2,0,-0.0200,-0.1200,-0.4900,0.0625,-0.1250,0.0000,0.99499511718750,0.09655761718750,-0.02630615234375,0.00006103515625
1721755606.05,0,1,2,0,-0.0300,-0.1100,-0.4900,-0.0625,0.0625,0.0625,0.99499511718750,0.09655761718750,-0.02630615234375,0.00006103515625
1721755606.06,0,1,2,0,-0.0200,-0.1100,-0.4600,0.0000,0.0000,0.0000,0.99499511718750,0.09655761718750,-0.02630615234375,0.00006103515625
1721755606.07,0,1,2,0,-0.0300,-0.1000,-0.4700,0.0000,0.0000,0.0000,0.99499511718750,0.09655761718750,-0.02630615234375,0.00006103515625
1721755606.08,0,1,2,0,-0.0100,-0.1000,-0.4500,0.0000,0.0000,0.0000,0.99499511718750,0.09655761718750,-0.02630615234375,0.00006103515625
1721755606.09,0,1,2,0,-0.0400,-0.1200,-0.4800,0.0000,0.0000,-0.0625,0.99499511718750,0.09655761718750,-0.02630615234375,0.00006103515625
1721755606.10,0,1,2,0,-0.0400,-0.1200,-0.5000,0.0000,-0.0625,0.0625,0.99499511718750,0.09655761718750,-0.02630615234375,0.00006103515625
1721755606.11,0,1,2,0,0.0000,-0.1200,-0.4500,0.0000,0.0625,0.0000,0.99499511718750,0.09655761718750,-0.02630615234375,0.00006103515625
1721755606.12,0,1,2,0,-0.0200,-0.1000,-0.4700,0.0000,0.1250,-0.1250,0.99499511718750,0.09655761718750,-0.02630615234375,0.00006103515625
1721755606.13,0,1,2,0,-0.0400,-0.1100,-0.4700,0.0000,0.0625,0.0000,0.99499511718750,0.09655761718750,-0.02630615234375,0.00006103515625
1721755606.14,0,1,2,0,-0.0200,-0.1300,-0.5000,0.0000,-0.1875,0.0000,0.99499511718750,0.09655761718750,-0.02630615234375,0.00006103515625
1721755606.15,0,1,2,0,-0.0300,-0.1200,-0.4700,0.0000,0.0000,0.0000,0.99499511718750,0.09655761718750,-0.02630615234375,0.00006103515625
1721755606.16,0,1,2,0,-0.0400,-0.1300,-0.4500,-0.1250,0.1250,0.0000,0.99499511718750,0.09655761718750,-0.02630615234375,0.00006103515625
1721755606.17,0,1,2,0,-0.0200,-0.1100,-0.4700,0.0000,-0.0625,0.0000,0.99499511718750,0.09655761718750,-0.02630615234375,0.00006103515625
1721755606.18,0,1,2,0,-0.0300,-0.1300,-0.4900,0.0000,-0.0625,0.0000,0.99499511718750,0.09655761718750,-0.02630615234375,0.00006103515625
1721755606.19,0,1,2,0,-0.0300,-0.1000,-0.4600,-0.0625,0.0000,0.0625,0.99499511718750,0.09655761718750,-0.02630615234375,0.00006103515625
1721755606.20,0,1,2,0,-0.0400,-0.1200,-0.4600,0.0000,0.0000,-0.0625,0.99499511718750,0.09655761718750,-0.02630615234375,0.00006103515625
1721755606.21,0,1,2,0,-0.0200,-0.1000,-0.4600,-0.0625,0.0000,0.0000,0.99499511718750,0.09655761718750,-0.02630615234375,0.00006103515625
1721755606.22,0,1,2,0,-0.0500,-0.1000,-0.4700,0.0000,0.0000,0.0000,0.99499511718750,0.09655761718750,-0.02630615234375,0.00006103515625
1721755606.23,0,1,2,0,-0.0300,-0.1300,-0.4600,0.0000,0.0000,-0.0625,0.99499511718750,0.09655761718750,-0.02630615234375,0.00006103515625
1721755606.24,0,1,2,0,-0.0200,-0.1100,-0.4800,0.0000,0.0000,0.0000,0.99499511718750,0.09655761718750,-0.02630615234375,0.00006103515625
1721755606.25,0,1,2,0,-0.0200,-0.1100,-0.4600,0.0000,0.0000,0.0000,0.99499511718750,0.09649658203125,-0.02630615234375,0.00006103515625
1721755606.26,0,1,2,0,-0.0300,-0.1300,-0.4600,0.0000,0.0000,0.0000,0.99499511718750,0.09649658203125,-0.02630615234375,0.00006103515625
1721755606.27,0,1,2,0,-0.0200,-0.1300,-0.4600,0.0000,-0.0625,0.0000,0.99499511718750,0.09649658203125,-0.02630615234375,0.00006103515625
1721755606.28,0,1,2,0,-0.0500,-0.1100,-0.4700,0.0000,0.0000,0.0000,0.99499511718750,0.09649658203125,-0.02630615234375,0.00006103515625
1721755606.29,0,1,2,0,-0.0200,-0.1000,-0.4900,0.0000,0.0000,0.1250,0.99499511718750,0.09649658203125,-0.02630615234375,0.00006103515625
1721755606.30,0,1,2,0,-0.0300,-0.1100,-0.4500,0.0000,0.0000,0.1250,0.99499511718750,0.09649658203125,-0.02630615234375,0.00006103515625
1721755606.31,0,1,2,0,-0.0300,-0.1200,-0.4800,0.0000,-0.0625,0.1250,0.99499511718750,0.09649658203125,-0.02630615234375,0.00006103515625
1721755606.32,0,1,2,0,-0.0400,-0.1100,-0.4800,0.0000,0.0625,0.0000,0.99499511718750,0.09649658203125,-0.02630615234375,0.00006103515625
1721755606.33,0,1,2,0,-0.0100,-0.1300,-0.4600,0.0000,0.0625,0.0000,0.99499511718750,0.09649658203125,-0.02630615234375,0.00006103515625
1721755606.34,0,1,2,0,-0.0200,-0.1200,-0.4900,-0.0625,0.0000,-0.0625,0.99499511718750,0.09649658203125,-0.02630615234375,0.00006103515625
1721755606.35,0,1,2,0,-0.0300,-0.1100,-0.4700,0.0000,0.0000,0.0000,0.99499511718750,0.09649658203125,-0.02630615234375,0.00006103515625
1721755606.36,0,1,2,0,-0.0300,-0.1200,-0.4800,0.0000,-0.1250,0.0000,0.99499511718750,0.09649658203125,-0.02630615234375,0.00006103515625
1721755606.37,0,1,2,0,-0.0200,-0.1000,-0.4600,0.0000,0.0000,0.0000,0.99499511718750,0.09649658203125,-0.02630615234375,0.00006103515625
1721755606.38,0,1,2,0,-0.0300,-0.1100,-0.4800,0.0000,0.0000,0.0000,0.99499511718750,0.09649658203125,-0.02630615234375,0.00006103515625
1721755606.39,0,1,2,0,-0.0300,-0.1200,-0.5200,0.0000,-0.1250,0.0000,0.99499511718750,0.09649658203125,-0.02630615234375,0.00006103515625
1721755606.40,0,1,2,0,-0.0300,-0.1200,-0.4700,0.0000,0.0000,0.0000,0.99499511718750,0.09649658203125,-0.02630615234375,0.00006103515625
1721755606.41,0,1,2,0,-0.0200,-0.1100,-0.4700,-0.1250,0.0000,0.0000,0.99499511718750,0.09649658203125,-0.02630615234375,0.00006103515625
1721755606.42,0,1,2,0,-0.0500,-0.1400,-0.5100,0.0000,0.0000,-0.0625,0.99499511718750,0.09649658203125,-0.02630615234375,0.00006103515625
1721755606.43,0,1,2,0,-0.0500,-0.1100,-0.4800,0.0000,0.0000,-0.0625,0.99499511718750,0.09649658203125,-0.02630615234375,0.00006103515625
1721755606.44,0,1,2,0,-0.0200,-0.1200,-0.4500,-0.0625,0.0000,0.1250,0.99499511718750,0.09649658203125,-0.02630615234375,0.00006103515625
1721755606.45,0,1,2,0,-0.0400,-0.1000,-0.5100,0.0000,-0.0625,0.0000,0.99499511718750,0.09649658203125,-0.02630615234375,0.00006103515625
1721755606.46,0,1,2,0,-0.0200,-0.1100,-0.4500,0.1250,-0.0625,0.0625,0.99499511718750,0.09649658203125,-0.02630615234375,0.00006103515625
1721755606.47,0,1,3,0,-0.0100,-0.0900,-0.4600,0.0000,-0.0625,0.0625,0.99499511718750,0.09649658203125,-0.02630615234375,0.00006103515625
1721755606.48,0,1,3,0,-0.0200,-0.1100,-0.4600,0.0000,-0.0625,0.0625,0.99499511718750,0.09649658203125,-0.02630615234375,0.00006103515625
1721755606.49,0,1,3,0,-0.0500,-0.1000,-0.4800,0.0000,0.0000,0.0000,0.99499511718750,0.09649658203125,-0.02630615234375,0.00006103515625
1721755606.50,0,1,3,0,-0.0400,-0.1000,-0.4700,-0.0625,0.0000,0.1250,0.99499511718750,0.09649658203125,-0.02630615234375,0.00006103515625
1721755606.51,0,1,3,0,-0.0200,-0.1300,-0.4700,0.0625,0.0625,0.0000,0.99499511718750,0.09649658203125,-0.02630615234375,0.00006103515625
1721755606.52,0,1,3,0,-0.0200,-0.1100,-0.4800,0.0000,0.0000,0.0000,0.99499511718750,0.09649658203125,-0.02630615234375,0.00006103515625
1721755606.53,0,1,3,0,-0.0300,-0.1200,-0.4800,-0.0625,-0.0625,0.0000,0.99499511718750,0.09649658203125,-0.02630615234375,0.00006103515625
1721755606.54,0,1,3,0,-0.0100,-0.1000,-0.4800,0.0000,0.0000,0.0000,0.99499511718750,0.09649658203125,-0.02630615234375,0.00006103515625
1721755606.55,0,1,3,0,-0.0300,-0.1400,-0.4700,0.0000,0.0000,0.1250,0.99499511718750,0.09649658203125,-0.02630615234375,0.00006103515625
1721755606.56,0,1,3,0,-0.0100,-0.1100,-0.4800,0.0000,0.0000,0.0625,0.99499511718750,0.09649658203125,-0.02630615234375,0.00006103515625
1721755606.57,0,1,3,0,-0.0100,-0.1000,-0.4500,0.0000,0.0625,-0.0625,0.99499511718750,0.09649658203125,-0.02630615234375,0.00006103515625
1721755606.58,0,1,3,0,-0.0100,-0.1300,-0.5000,-0.0625,0.1250,0.0000,0.99499511718750,0.09649658203125,-0.02630615234375,0.00006103515625
1721755606.59,0,1,3,0,-0.0400,-0.1400,-0.4900,0.0625,0.0000,0.0000,0.99499511718750,0.09649658203125,-0.02630615234375,0.00006103515625
1721755606.60,0,1,3,0,-0.0100,-0.1100,-0.4800,0.0000,0.0000,0.0000,0.99499511718750,0.09649658203125,-0.02630615234375,0.00006103515625
1721755606.61,0,1,3,0,-0.0400,-0.1300,-0.4800,0.0000,0.0000,0.0000,0.99499511718750,0.09649658203125,-0.02630615234375,0.00006103515625
1721755606.62,0,1,3,0,-0.0200,-0.1100,-0.4900,0.0000,0.0000,-0.0625,0.99499511718750,0.09649658203125,-0.02630615234375,0.00006103515625
1721755606.63,0,1,3,0,-0.0200,-0.0900,-0.4300,0.0000,0.0000,0.0000,0.99499511718750,0.09649658203125,-0.02630615234375,0.00006103515625
1721755606.64,0,1,3,0,-0.0400,-0.1300,-0.4800,0.0000,0.0625,-0.0625,0.99499511718750,0.09649658203125,-0.02630615234375,0.00006103515625
1721755606.65,0,1,3,0,-0.0300,-0.1000,-0.4800,0.1250,0.0000,-0.1250,0.99499511718750,0.09649658203125,-0.02630615234375,0.00006103515625
1721755606.66,0,1,3,0,-0.0100,-0.1100,-0.4500,0.0000,0.0000,0.0000,0.99499511718750,0.09649658203125,-0.02630615234375,0.00006103515625
1721755606.67,0,1,3,0,-0.0200,-0.1000,-0.4500,-0.0625,0.1250,0.0000,0.99499511718750,0.09649658203125,-0.02630615234375,0.00006103515625
1721755606.68,0,1,3,0,-0.0300,-0.0900,-0.4700,0.0625,-0.0625,0.0000,0.99499511718750,0.09649658203125,-0.02630615234375,0.00006103515625
1721755606.69,0,1,3,0,-0.0100,-0.1200,-0.4700,0.0000,0.1250,0.0000,0.99499511718750,0.09649658203125,-0.02630615234375,0.00006103515625
1721755606.70,0,1,3,0,-0.0300,-0.1400,-0.4900,0.0000,-0.0625,0.0000,0.99499511718750,0.09649658203125,-0.02630615234375,0.00006103515625
1721755606.71,0,1,3,0,-0.0200,-0.1300,-0.4500,0.0000,0.0000,0.0000,0.99499511718750,0.09649658203125,-0.02630615234375,0.00006103515625
1721755606.72,0,1,3,0,-0.0400,-0.1100,-0.4800,0.0000,0.0625,0.0000,0.99499511718750,0.09649658203125,-0.02630615234375,0.00006103515625
1721755606.73,0,1,3,0,-0.0400,-0.1000,-0.4500,0.0625,0.0000,0.0000,0.99499511718750,0.09649658203125,-0.02630615234375,0.00006103515625
1721755606.74,0,1,3,0,-0.0100,-0.0800,-0.4900,0.0000,-0.0625,0.0000,0.99499511718750,0.09649658203125,-0.02630615234375,0.00006103515625
1721755606.75,0,1,3,0,-0.0300,-0.1100,-0.4900,0.0000,0.0625,0.0000,0.99499511718750,0.09649658203125,-0.02630615234375,0.00006103515625
1721755606.76,0,1,3,0,-0.0200,-0.1000,-0.4700,0.0625,0.0000,0.0000,0.99499511718750,0.09649658203125,-0.02630615234375,0.00006103515625
1721755606.77,0,1,3,0,-0.0200,-0.0800,-0.4800,0.0000,0.0000,0.0000,0.99499511718750,0.09649658203125,-0.02630615234375,0.00006103515625
1721755606.78,0,1,3,0,-0.0300,-0.1000,-0.4700,0.0000,0.0000,0.0000,0.99499511718750,0.09649658203125,-0.02630615234375,0.00006103515625
1721755606.79,0,1,3,0,-0.0200,-0.1100,-0.4900,0.0625,-0.0625,0.0000,0.99499511718750,0.09649658203125,-0.02630615234375,0.00006103515625
1721755606.80,0,1,3,0,-0.0200,-0.1200,-0.4800,0.0000,0.1250,0.0000,0.99499511718750,0.09649658203125,-0.02630615234375,0.00006103515625
1721755606.81,0,1,3,0,-0.0400,-0.1000,-0.4800,0.0000,-0.1250,0.0000,0.99499511718750,0.09649658203125,-0.02630615234375,0.00006103515625
1721755606.82,0,1,3,0,-0.0400,-0.1200,-0.4700,0.0000,-0.1875,0.0000,0.99499511718750,0.09649658203125,-0.02630615234375,0.00006103515625
1721755606.83,0,1,3,0,-0.0500,-0.1200,-0.4800,0.0000,0.0625,0.1250,0.99499511718750,0.09649658203125,-0.02630615234375,0.00006103515625
1721755606.84,0,1,3,0,-0.0400,-0.1000,-0.4900,0.0000,0.0000,-0.1250,0.99499511718750,0.09649658203125,-0.02630615234375,0.00006103515625
1721755606.85,0,1,3,0,-0.0200,-0.1100,-0.4600,0.0000,0.0000,0.0000,0.99499511718750,0.09643554687500,-0.02630615234375,0.00006103515625
1721755606.86,0,1,3,0,0.0000,-0.1200,-0.4800,0.0000,0.0000,0.0000,0.99499511718750,0.09643554687500,-0.02630615234375,0.00006103515625
1721755606.87,0,1,3,0,-0.0200,-0.1200,-0.4700,0.0000,0.0000,0.0000,0.99499511718750,0.09643554687500,-0.02630615234375,0.00006103515625
1721755606.88,0,1,3,0,-0.0300,-0.1000,-0.4800,0.0000,-0.0625,0.0000,0.99499511718750,0.09643554687500,-0.02630615234375,0.00006103515625
1721755606.89,0,1,3,0,-0.0200,-0.1100,-0.5100,0.0000,0.0625,0.0000,0.99499511718750,0.09643554687500,-0.02624511718750,0.00006103515625
1721755606.90,0,1,3,0,-0.0400,-0.1200,-0.4700,0.0000,0.0000,0.0000,0.99499511718750,0.09643554687500,-0.02624511718750,0.00006103515625
1721755606.91,0,1,3,0,-0.0300,-0.1200,-0.4800,-0.1250,0.0000,0.0000,0.99499511718750,0.09643554687500,-0.02624511718750,0.00006103515625
1721755606.92,0,1,3,0,-0.0300,-0.0900,-0.4900,0.1250,0.0000,0.0000,0.99499511718750,0.09643554687500,-0.02624511718750,0.00006103515625
1721755606.93,0,1,3,0,-0.0300,-0.1000,-0.4900,0.0000,-0.0625,0.0000,0.99499511718750,0.09643554687500,-0.02624511718750,0.00006103515625
1721755606.94,0,1,3,0,-0.0100,-0.1200,-0.4800,-0.0625,0.0000,0.0000,0.99499511718750,0.09643554687500,-0.02624511718750,0.00006103515625
1721755606.95,0,1,3,0,-0.0400,-0.1100,-0.5000,0.0000,-0.1250,0.0000,0.99499511718750,0.09643554687500,-0.02624511718750,0.00006103515625
1721755606.96,0,1,3,0,-0.0300,-0.0900,-0.4500,0.0000,-0.0625,0.0000,0.99499511718750,0.09643554687500,-0.02624511718750,0.00006103515625
1721755606.97,0,1,3,0,-0.0300,-0.1200,-0.4700,0.0000,0.0000,0.0000,0.99499511718750,0.09643554687500,-0.02624511718750,0.00006103515625
1721755606.98,0,1,3,0,0.0000,-0.1300,-0.4900,0.0000,0.0000,0.0000,0.99499511718750,0.09643554687500,-0.02624511718750,0.00006103515625
1721755606.99,0,1,3,0,-0.0300,-0.1000,-0.4600,0.0000,0.0625,0.0000,0.99499511718750,0.09643554687500,-0.02624511718750,0.00006103515625
1721755607.00,0,1,3,0,-0.0200,-0.1100,-0.4500,0.0000,0.0000,0.0000,0.99499511718750,0.09643554687500,-0.02624511718750,0.00006103515625
1721755607.01,0,1,3,0,-0.0300,-0.1200,-0.4900,0.0000,-0.1250,0.0000,0.99499511718750,0.09643554687500,-0.02624511718750,0.00006103515625
1721755607.02,0,1,3,0,-0.0100,-0.1300,-0.4700,0.0000,0.0000,0.0000,0.99499511718750,0.09643554687500,-0.02624511718750,0.00006103515625
1721755607.03,0,1,3,0,-0.0300,-0.1200,-0.5000,0.0000,0.0000,-0.0625,0.99499511718750,0.09643554687500,-0.02624511718750,0.00006103515625
1721755607.04,0,1,3,0,-0.0400,-0.1100,-0.5000,0.0625,0.0000,0.0000,0.99499511718750,0.09643554687500,-0.02624511718750,0.00006103515625
1721755607.05,0,1,3,0,0.0000,-0.1100,-0.4700,-0.0625,0.0625,0.0625,0.99499511718750,0.09643554687500,-0.02624511718750,0.00006103515625
1721755607.06,0,1,3,0,-0.0400,-0.1100,-0.4600,0.0000,0.0000,0.0000,0.99499511718750,0.09643554687500,-0.02624511718750,0.00006103515625
1721755607.07,0,1,3,0,-0.0100,-0.1100,-0.4400,0.0000,0.0000,0.0000,0.99499511718750,0.09643554687500,-0.02624511718750,0.00006103515625
1721755607.08,0,1,3,0,-0.0200,-0.1200,-0.4700,-0.1250,0.0000,0.0000,0.99499511718750,0.09643554687500,-0.02624511718750,0.00006103515625
1721755607.09,0,1,3,0,-0.0400,-0.0900,-0.4700,0.1250,-0.1250,0.0000,0.99499511718750,0.09643554687500,-0.02624511718750,0.00006103515625
1721755607.10,0,1,3,0,-0.0100,-0.1100,-0.4700,-0.0625,0.0625,0.0000,0.99499511718750,0.09643554687500,-0.02624511718750,0.00006103515625
1721755607.11,0,1,3,0,-0.0300,-0.1200,-0.4800,0.0000,0.0000,0.0000,0.99499511718750,0.09643554687500,-0.02624511718750,0.00006103515625
1721755607.12,0,1,3,0,-0.0200,-0.1100,-0.4900,0.1875,0.0000,0.0000,0.99499511718750,0.09643554687500,-0.02624511718750,0.00006103515625
1721755607.13,0,1,3,0,-0.0200,-0.1100,-0.4700,0.0000,0.1250,0.0000,0.99499511718750,0.09643554687500,-0.02624511718750,0.00006103515625
1721755607.14,0,1,3,0,-0.0600,-0.1300,-0.4900,0.0000,0.0000,0.0000,0.99499511718750,0.09643554687500,-0.02624511718750,0.00006103515625
1721755607.15,0,1,3,0,-0.0200,-0.1200,-0.4800,0.0625,-0.0625,0.0000,0.99499511718750,0.09643554687500,-0.02624511718750,0.00006103515625
1721755607.16,0,1,3,0,0.0000,-0.1000,-0.4600,0.0000,0.0000,0.0000,0.99499511718750,0.09643554687500,-0.02624511718750,0.00006103515625
1721755607.17,0,1,3,0,-0.0100,-0.1200,-0.4600,0.0000,0.0000,0.0000,0.99499511718750,0.09643554687500,-0.02624511718750,0.00006103515625
1721755607.18,0,1,3,0,-0.0200,-0.1200,-0.4600,0.0000,-0.1875,0.0000,0.99499511718750,0.09643554687500,-0.02624511718750,0.00006103515625
1721755607.19,0,1,3,0,-0.0200,-0.1200,-0.4900,0.0000,0.0000,0.0000,0.99499511718750,0.09643554687500,-0.02624511718750,0.00006103515625
1721755607.20,0,1,3,0,-0.0100,-0.1200,-0.4900,0.0625,-0.1875,0.0000,0.99499511718750,0.09643554687500,-0.02624511718750,0.00006103515625
1721755607.21,0,1,3,0,-0.0300,-0.1200,-0.4900,0.0000,0.0000,0.0000,0.99499511718750,0.09643554687500,-0.02624511718750,0.00006103515625
1721755607.22,0,1,3,0,-0.0400,-0.1200,-0.4400,-0.0625,0.0000,0.0000,0.99499511718750,0.09643554687500,-0.02624511718750,0.00006103515625
1721755607.23,0,1,3,0,-0.0300,-0.1100,-0.4700,0.0000,0.0000,0.0000,0.99499511718750,0.09643554687500,-0.02624511718750,0.00006103515625
1721755607.24,0,1,3,0,-0.0100,-0.1200,-0.4900,0.0000,0.0000,0.0000,0.99499511718750,0.09643554687500,-0.02624511718750,0.00006103515625
1721755607.25,0,1,3,0,-0.0300,-0.1000,-0.4700,0.0000,0.0000,0.0000,0.99499511718750,0.09643554687500,-0.02624511718750,0.00006103515625
1721755607.26,0,1,3,0,-0.0500,-0.1300,-0.4600,0.0000,-0.0625,0.0000,0.99499511718750,0.09643554687500,-0.02624511718750,0.00006103515625
1721755607.27,0,1,3,0,-0.0200,-0.1100,-0.4800,-0.0625,0.0000,0.0625,0.99499511718750,0.09643554687500,-0.02624511718750,0.00006103515625
1721755607.28,0,1,3,0,-0.0300,-0.0900,-0.4800,0.0000,0.0000,0.0000,0.99499511718750,0.09643554687500,-0.02624511718750,0.00006103515625
1721755607.29,0,1,3,0,-0.0400,-0.0900,-0.4900,-0.0625,0.0000,0.0000,0.99499511718750,0.09643554687500,-0.02624511718750,0.00006103515625
1721755607.30,0,1,3,0,-0.0200,-0.0900,-0.4600,-0.0625,0.0000,0.0000,0.99499511718750,0.09643554687500,-0.02624511718750,0.00006103515625
1721755607.31,0,1,3,0,-0.0200,-0.1200,-0.4800,0.0000,0.0000,0.0000,0.99499511718750,0.09643554687500,-0.02624511718750,0.00006103515625
1721755607.32,0,1,3,0,-0.0200,-0.1100,-0.4500,0.0000,-0.1250,0.0000,0.99499511718750,0.09643554687500,-0.02624511718750,0.00006103515625
1721755607.33,0,1,3,0,-0.0300,-0.0900,-0.4700,0.0000,0.0000,0.0000,0.99499511718750,0.09643554687500,-0.02624511718750,0.00006103515625
1721755607.34,0,1,3,0,-0.0300,-0.1100,-0.4600,0.0000,-0.1250,0.0000,0.99499511718750,0.09643554687500,-0.02624511718750,0.00006103515625
1721755607.35,0,1,3,0,-0.0200,-0.1100,-0.4800,0.0000,0.0000,0.0000,0.99499511718750,0.09643554687500,-0.02624511718750,0.00006103515625
1721755607.36,0,1,3,0,-0.0300,-0.1100,-0.4600,0.0000,0.0000,0.0000,0.99499511718750,0.09643554687500,-0.02624511718750,0.00006103515625
1721755607.37,0,1,3,0,-0.0100,-0.1000,-0.4500,0.0000,-0.0625,0.0000,0.99499511718750,0.09643554687500,-0.02624511718750,0.00006103515625
1721755607.38,0,1,3,0,-0.0100,-0.0900,-0.4900,-0.0625,0.0000,0.0625,0.99499511718750,0.09643554687500,-0.02624511718750,0.00006103515625
1721755607.39,0,1,3,0,0.0000,-0.1300,-0.4900,0.0000,0.0000,-0.0625,0.99499511718750,0.09643554687500,-0.02624511718750,0.00006103515625
1721755607.40,0,1,3,0,-0.0100,-0.1200,-0.4800,0.0000,0.0625,0.0000,0.99499511718750,0.09643554687500,-0.02624511718750,0.00006103515625
1721755607.41,0,1,3,0,-0.0300,-0.1100,-0.4900,-0.1250,0.0000,0.0000,0.99499511718750,0.09643554687500,-0.02624511718750,0.00006103515625
1721755607.42,0,1,3,0,-0.0200,-0.1000,-0.5000,0.0000,0.0625,0.0000,0.99499511718750,0.09643554687500,-0.02624511718750,0.00006103515625
1721755607.43,0,1,3,0,-0.0300,-0.1000,-0.4800,0.0000,0.0000,0.0000,0.99499511718750,0.09637451171875,-0.02624511718750,0.00006103515625
1721755607.44,0,1,3,0,-0.0200,-0.1200,-0.4800,0.0000,0.0000,0.0625,0.99499511718750,0.09637451171875,-0.02624511718750,0.00006103515625
1721755607.45,0,1,3,0,-0.0100,-0.1100,-0.4700,0.0000,0.0000,0.0000,0.99499511718750,0.09637451171875,-0.02624511718750,0.00006103515625
1721755607.46,0,1,3,0,-0.0300,-0.1100,-0.4900,-0.0625,0.0000,0.0000,0.99499511718750,0.09637451171875,-0.02624511718750,0.00006103515625
1721755607.47,0,1,3,0,-0.0400,-0.1000,-0.4800,0.0625,-0.1875,0.0000,0.99499511718750,0.09637451171875,-0.02624511718750,0.00006103515625
1721755607.48,0,1,3,0,-0.0300,-0.1000,-0.4700,0.0625,-0.1250,0.0000,0.99499511718750,0.09637451171875,-0.02624511718750,0.00006103515625
1721755607.49,0,1,3,0,-0.0400,-0.1100,-0.5000,-0.1250,0.0000,0.0000,0.99499511718750,0.09637451171875,-0.02624511718750,0.00006103515625
